source,year,cu,outlet,plant,items,ytd_june_,fc_7+5,"therein_special
impacts_","fc_7+5
w_o
special_impacts_","sales
volumes_","product
mix","_price
effects_","cost
improvem_",cip_gross_in_%,all_others_,target,budget,"_delta_to_fc
in_%",comments
2024_698_219_7521_20231004,2024,698,219,7521,Sales,4188834.286,9886838.524,,9886838.524,-9886839.0,,0.0,,,0.47599999979138374,,0.0,-1.0,
2024_698_219_7521_20231004,2024,698,219,7521,Production Sales ,0.0,0.0,,0.0,,,,,,,,0.0,0.0,
2024_698_219_7521_20231004,2024,698,219,7521,Material 3rd. Parties,-4369383.209,-8705617.973,0.0,-8705617.973,8705618.0,0.0,0.0,0.0,,-0.027000000001862645,,0.0,-1.0,
2024_698_219_7521_20231004,2024,698,219,7521,Material 3rd Parties & ICO Material/Cost Purchaser in % of Sales,-1.043102426754726,-0.8805259590178778,0.0,-0.8805259590178778,-0.8805259193560248,,,,,,,0.0,,
2024_698_219_7521_20231004,2024,698,219,7521,"   thereof Standard material 
   incl. subcontracting / cash discount (w/o ICO)",-3033647.0,-7438810.0,,-7438810.0,7438810.0,,,,,0.0,,0.0,-1.0,
2024_698_219_7521_20231004,2024,698,219,7521,   thereof Variances in Material,-1335736.209,-1266807.973,,-1266807.973,1266808.0,,,,,-0.027000000001862645,,0.0,-1.0,
2024_698_219_7521_20231004,2024,698,219,7521,   thereof Material Usage,0.0,0.0,,0.0,0.0,,,,,0.0,,0.0,0.0,
2024_698_219_7521_20231004,2024,698,219,7521,   thereof Standard Supplier tooling,0.0,0.0,,0.0,0.0,,,,,0.0,,0.0,0.0,
2024_698_219_7521_20231004,2024,698,219,7521,   thereof OVC licences for embedded software,0.0,0.0,,0.0,0.0,,,,,0.0,,0.0,0.0,
2024_698_219_7521_20231004,2024,698,219,7521,ICO cost (Purchases) incl. value add sender,0.0,0.0,,0.0,0.0,0.0,,,,0.0,,0.0,0.0,
2024_698_219_7521_20231004,2024,698,219,7521,   thereof PE ICO,0.0,0.0,,0.0,0.0,0.0,,,,0.0,,0.0,0.0,
2024_698_219_7521_20231004,2024,698,219,7521,Total Variable Labour cost,0.0,0.0,0.0,0.0,0.0,0.0,0.0,0.0,0.0,0.0,0.0,0.0,0.0,
2024_698_219_7521_20231004,2024,698,219,7521,% of Sales,0.0,0.0,0.0,0.0,0.0,,,,,,,0.0,,
2024_698_219_7521_20231004,2024,698,219,7521,   Variable Labour cost (Production),0.0,0.0,,0.0,0.0,,0.0,,0.0,0.0,,0.0,0.0,
2024_698_219_7521_20231004,2024,698,219,7521,   Variable Labour cost (MGK/VK),0.0,0.0,0.0,0.0,0.0,0.0,0.0,0.0,0.0,0.0,0.0,0.0,0.0,
2024_698_219_7521_20231004,2024,698,219,7521,   Labour cost charge in/out from other PL,0.0,0.0,,0.0,0.0,,,,0.0,0.0,,0.0,0.0,
2024_698_219_7521_20231004,2024,698,219,7521,Variable Cost Center Cost w/o Labour cost,0.0,0.0,0.0,0.0,0.0,0.0,0.0,0.0,0.0,0.0,0.0,0.0,0.0,
2024_698_219_7521_20231004,2024,698,219,7521,% of Sales,0.0,0.0,0.0,0.0,0.0,,,,,,,0.0,,
2024_698_219_7521_20231004,2024,698,219,7521,   thereof consumable tools,0.0,0.0,,0.0,0.0,,,,0.0,0.0,,0.0,0.0,
2024_698_219_7521_20231004,2024,698,219,7521,   thereof operating supplies,0.0,0.0,,0.0,0.0,,,,0.0,0.0,,0.0,0.0,
2024_698_219_7521_20231004,2024,698,219,7521,   thereof variable maintenance (w/o labour cost),0.0,0.0,,0.0,0.0,,,,0.0,0.0,,0.0,0.0,
2024_698_219_7521_20231004,2024,698,219,7521,   thereof utility / energy,0.0,0.0,,0.0,0.0,,,,0.0,0.0,,0.0,0.0,
2024_698_219_7521_20231004,2024,698,219,7521,   thereof Logistic cost variable w/o compensation,0.0,0.0,0.0,0.0,0.0,0.0,0.0,0.0,0.0,0.0,0.0,0.0,0.0,
2024_698_219_7521_20231004,2024,698,219,7521,   thereof charges in/out from other PL,0.0,0.0,,0.0,0.0,,,,0.0,0.0,,0.0,0.0,
2024_698_219_7521_20231004,2024,698,219,7521,   thereof others,0.0,0.0,,0.0,0.0,,,,0.0,0.0,,0.0,0.0,
2024_698_219_7521_20231004,2024,698,219,7521,Variations rework/spoilage/scrap,1252.365,0.0,,0.0,0.0,,,,0.0,0.0,,0.0,0.0,
2024_698_219_7521_20231004,2024,698,219,7521,Replacement and adjustment of general warranty,54010.66,-48081.605,,-48081.605,48082.0,,,,0.0,-0.3949999999967986,0.0,0.0,-1.0,
2024_698_219_7521_20231004,2024,698,219,7521,Variations due to start up cost,0.0,0.0,,0.0,,,,,0.0,0.0,0.0,0.0,0.0,
2024_698_219_7521_20231004,2024,698,219,7521,Others,-0.11400000099092722,-0.01600000075995922,,-0.01600000075995922,,,,,0.0,0.01600000075995922,0.0,0.0,-1.0,
2024_698_219_7521_20231004,2024,698,219,7521,Direct Debits / Credits to P&L,55262.91099999901,-48081.62100000076,0.0,-48081.62100000076,48082.0,0.0,0.0,0.0,0.0,-0.37899999923683936,0.0,0.0,-1.0,
2024_698_219_7521_20231004,2024,698,219,7521,Total variable cost,-4314120.298,-8753699.594,0.0,-8753699.594,8753700.0,0.0,0.0,0.0,,-0.4059999994933605,,0.0,-1.0,
2024_698_219_7521_20231004,2024,698,219,7521,Marginal Contribution after Variations,-125286.01200000057,1133138.9299999997,0.0,1133138.9299999997,-1133139.0,0.0,0.0,0.0,,0.07000000029802322,,0.0,-1.0,
2024_698_219_7521_20231004,2024,698,219,7521,in % of Sales,-0.029909517408872873,0.11461084625275707,0.0,0.11461084625275707,0.11461084781495885,,,,,,,0.0,,
2024_698_219_7521_20231004,2024,698,219,7521,Check,0.0,0.0,0.0,0.0,0.0,0.0,0.0,0.0,,2.546585164964199e-10,0.0,0.0,,
2024_698_242_7311_20231004,2024,698,242,7311,Sales,3123008.246,5702323.424,1757762.0634102353,3944561.360589764,-1161930.145589765,,34177.83338467823,,,-0.0003846772015094757,,2816809.048,-0.506024327532075,Special impacts in FC7+5: Sales for Shift-by-wire product & REACT target
2024_698_242_7311_20231004,2024,698,242,7311,Production Sales ,3123008.246,5702323.424,1757762.0634102353,3944561.360589764,,,,,,,,2816809.048,-0.506024327532075,
2024_698_242_7311_20231004,2024,698,242,7311,Material 3rd. Parties,-1742110.6369999999,-3003588.145,-794832.006,-2208756.139,650622.0,60331.682950000046,-22.127145000034943,0.0,,42914.0,,-1454910.583195,-0.5156091604579829,
2024_698_242_7311_20231004,2024,698,242,7311,Material 3rd Parties & ICO Material/Cost Purchaser in % of Sales,-0.7203530794007388,-0.6674283203547734,-0.4521840711807979,-0.7633447331010226,-0.7633445120315785,,,,,,,-0.745521739106186,,
2024_698_242_7311_20231004,2024,698,242,7311,"   thereof Standard material 
   incl. subcontracting / cash discount (w/o ICO)",-1781926.403,-2942755.145,-794832.006,-2147923.139,632703.0,60331.682950000046,-22.127145000034943,,,0.0,,-1454910.583195,-0.505595772836547,Special impacts in FC7+5: Material cost for Shift-by-wire product
2024_698_242_7311_20231004,2024,698,242,7311,   thereof Variances in Material,75822.017,11173.0,,11173.0,-3291.0,,,,,-7882.0,,0.0,-1.0,
2024_698_242_7311_20231004,2024,698,242,7311,   thereof Material Usage,-36006.251,-72006.0,,-72006.0,21210.0,,,,,50796.0,,0.0,-1.0,
2024_698_242_7311_20231004,2024,698,242,7311,   thereof Standard Supplier tooling,0.0,0.0,,0.0,0.0,,,,,0.0,,,0.0,
2024_698_242_7311_20231004,2024,698,242,7311,   thereof OVC licences for embedded software,,,,0.0,0.0,,,,,0.0,,,0.0,
2024_698_242_7311_20231004,2024,698,242,7311,ICO cost (Purchases) incl. value add sender,-507557.97,-802304.0,,-802304.0,236331.0,-79108.79700000002,,,,0.0,,-645081.797,-0.19596337921785256,ACV cover from Bebra & contact plate 10 k units missing -91k EUR
2024_698_242_7311_20231004,2024,698,242,7311,   thereof PE ICO,-103853.347,-152003.703,,-152003.703,44775.0,12663.328000000009,,,,0.0,,-94565.375,-0.3778745311224425,
2024_698_242_7311_20231004,2024,698,242,7311,Total Variable Labour cost,-216378.674,-436979.22599999997,-60756.83039999999,-376222.3956,110822.0,-35576.63608674698,-7611.929783132538,0.0,0.0,108766.43946987952,0.0,-199822.52200000003,-0.5427184861186054,
2024_698_242_7311_20231004,2024,698,242,7311,% of Sales,-0.06928533547010046,-0.07663178559126217,-0.03456487750231998,-0.09537749858801785,-0.09537750648835236,,,,,,,-0.07093932126562809,,
2024_698_242_7311_20231004,2024,698,242,7311,   Variable Labour cost (Production),-152674.997,-284256.526,,-284256.526,83732.0,-66052.0,-6218.376759036153,,0.0,100753.14575903615,,-172041.757,-0.39476584963259553,2 direct operators for ACV Final Assembly Line
2024_698_242_7311_20231004,2024,698,242,7311,   Variable Labour cost (MGK/VK),-51046.004,-102092.008,0.0,-102092.008,30073.0,27176.78631325302,-1393.5530240963853,0.0,0.0,7680.807710843372,0.0,-38554.967,-0.6223507818555201,
2024_698_242_7311_20231004,2024,698,242,7311,   Labour cost charge in/out from other PL,-12657.672999999999,-50630.691999999995,-60756.83039999999,10126.138399999996,-2983.0,3298.577600000004,,,0.0,332.48599999999897,,10774.202,-1.2127998171543855,ACV production for CM CVS (OES)
2024_698_242_7311_20231004,2024,698,242,7311,Variable Cost Center Cost w/o Labour cost,-256809.97499999998,-528840.9336501682,-120003.77038955463,-408837.1632606136,120429.0,47755.283426047674,-221.7518,0.0,0.0,-100754.40823000015,0.0,-341629.039864566,-0.354004166230907,
2024_698_242_7311_20231004,2024,698,242,7311,% of Sales,-0.08223160323989744,-0.09274130811738543,-0.06827077048001322,-0.10364578615643263,-0.1036456455296402,,,,,,,-0.12128228575065483,,
2024_698_242_7311_20231004,2024,698,242,7311,   thereof consumable tools,-1665.0,-4100.722529999999,,-4100.722529999999,1208.0,2892.722529999999,,,0.0,0.0,,,-1.0,
2024_698_242_7311_20231004,2024,698,242,7311,   thereof operating supplies,-7026.281,-13669.0751,,-13669.0751,4026.0,-112.44490000000042,,,0.0,0.0,,-9755.52,-0.2863072352276417,
2024_698_242_7311_20231004,2024,698,242,7311,   thereof variable maintenance (w/o labour cost),-16832.174,-36906.50277,,-36906.50277,10871.0,-9777.0,,,0.0,-100753.40823,,-136565.911,2.7003211019769022,incl. 1 Shopfloor maintenance headcount
2024_698_242_7311_20231004,2024,698,242,7311,   thereof utility / energy,-36842.666,-82014.4506,,-82014.4506,24159.0,53642.166399999995,-221.7518,,0.0,0.0,,-4435.036,-0.9459237248124661,
2024_698_242_7311_20231004,2024,698,242,7311,   thereof Logistic cost variable w/o compensation,-188723.206,-369267.59065016825,-46779.47598955463,-322488.1146606136,94994.0,-14428.425203952327,0.0,0.0,0.0,-1.0000000001455192,0.0,-241923.53986456606,-0.3448557469161806,
2024_698_242_7311_20231004,2024,698,242,7311,   thereof charges in/out from other PL,-5720.648,-22882.592,-73224.2944,50341.702399999995,-14829.0,15538.26460000001,,,0.0,0.0,,51050.967,-3.230995815509012,ACV production for CM CVS (OES)
2024_698_242_7311_20231004,2024,698,242,7311,   thereof others,,,,0.0,0.0,,,,0.0,0.0,,0.0,0.0,
2024_698_242_7311_20231004,2024,698,242,7311,Variations rework/spoilage/scrap,1926.176,1206.0,,1206.0,-355.0,-12096.788,,,0.0,-163.0,-11548.917096799998,-11408.788,-10.460023217247098,0.41% of Sales
2024_698_242_7311_20231004,2024,698,242,7311,Replacement and adjustment of general warranty,-3720.516,-15721.0,,-15721.0,4631.0,3890.0,,,0.0,2125.0,-5075.0,-5075.0,-0.6771833852808345,
2024_698_242_7311_20231004,2024,698,242,7311,Variations due to start up cost,-644.081,-10991.0,,-10991.0,,10991.0,,,0.0,0.0,0.0,0.0,-1.0,
2024_698_242_7311_20231004,2024,698,242,7311,Others,-0.3790000001899898,-0.18634983152151108,,-0.18634983152151108,,,,,0.0,-0.17159060202538967,,-0.35794043354690075,0.920798267561526,
2024_698_242_7311_20231004,2024,698,242,7311,Direct Debits / Credits to P&L,-2438.8000000001903,-25506.18634983152,0.0,-25506.18634983152,4276.0,2784.2119999999995,0.0,0.0,0.0,1961.8284093979746,-16623.917096799996,-16484.145940433547,-0.35371969316210883,
2024_698_242_7311_20231004,2024,698,242,7311,Total variable cost,-2621442.709,-4645214.788,-975592.6067895547,-3669622.1812104452,1077705.0,-16477.582710699287,-7855.808728132573,0.0,,52887.85964927683,,-2563362.713,-0.44817132684113026,
2024_698_242_7311_20231004,2024,698,242,7311,Marginal Contribution after Variations,501565.537,1057108.636,782169.4566206806,274939.17937931884,-84225.14558976493,-16477.582710699287,26322.024656545662,0.0,,52887.859264599625,,253446.33499999996,-0.7602457057213938,
2024_698_242_7311_20231004,2024,698,242,7311,in % of Sales,0.1606033341866495,0.18538209031617356,0.44498028083686886,0.06970082456473989,0.07248727120941895,,,,,,,0.08997639906757356,,
2024_698_242_7311_20231004,2024,698,242,7311,Check,0.0,0.0,0.0,0.0,0.0,0.0,0.0,0.0,,5.238689482212067e-10,-16623.917096799996,0.0,,
2024_698_242_7322_20231004,2024,698,242,7322,Sales,0.0,0.0,,0.0,7226387.997,,0.0,,,0.0,,7226387.997,0.0,"Sales price 25,735 KRW or 17.7 EUR per piece"
2024_698_242_7322_20231004,2024,698,242,7322,Production Sales ,,,,0.0,,,,,,,,7226387.997,0.0,"2% lower than PCIS assumption of 26,200 KRW or 18.1 EUR"
2024_698_242_7322_20231004,2024,698,242,7322,Material 3rd. Parties,0.0,0.0,0.0,0.0,0.0,-4995617.692885,195520.320580001,0.0,,0.0,,-4800097.372304999,0.0,
2024_698_242_7322_20231004,2024,698,242,7322,Material 3rd Parties & ICO Material/Cost Purchaser in % of Sales,0.0,0.0,0.0,0.0,0.0,,,,,,,-0.6642457302732342,,
2024_698_242_7322_20231004,2024,698,242,7322,"   thereof Standard material 
   incl. subcontracting / cash discount (w/o ICO)",,,,0.0,0.0,-4995617.692885,195520.320580001,,,0.0,,-4800097.372304999,0.0,"66 % of Sales, 5% higher than PCIS assumption of 61%"
2024_698_242_7322_20231004,2024,698,242,7322,   thereof Variances in Material,0.0,0.0,,0.0,0.0,,,,,0.0,,0.0,0.0,
2024_698_242_7322_20231004,2024,698,242,7322,   thereof Material Usage,0.0,0.0,,0.0,0.0,,,,,0.0,,0.0,0.0,
2024_698_242_7322_20231004,2024,698,242,7322,   thereof Standard Supplier tooling,,,,0.0,0.0,,,,,0.0,,,0.0,
2024_698_242_7322_20231004,2024,698,242,7322,   thereof OVC licences for embedded software,,,,0.0,0.0,,,,,0.0,,,0.0,
2024_698_242_7322_20231004,2024,698,242,7322,ICO cost (Purchases) incl. value add sender,,,,0.0,0.0,0.0,,,,0.0,,,0.0,
2024_698_242_7322_20231004,2024,698,242,7322,   thereof PE ICO,0.0,0.0,,0.0,0.0,0.0,,,,0.0,,0.0,0.0,
2024_698_242_7322_20231004,2024,698,242,7322,Total Variable Labour cost,0.0,0.0,0.0,0.0,0.0,-389208.3196024096,-8860.394060240986,0.0,0.0,63199.56066265062,0.0,-334869.15300000005,0.0,
2024_698_242_7322_20231004,2024,698,242,7322,% of Sales,0.0,0.0,0.0,0.0,0.0,,,,,,,-0.04633976934798122,,
2024_698_242_7322_20231004,2024,698,242,7322,   Variable Labour cost (Production),,,,0.0,0.0,-226558.0,-6125.941662650614,,0.0,63199.555662650615,,-169484.386,0.0,3 direct operators for SBW new backend line
2024_698_242_7322_20231004,2024,698,242,7322,   Variable Labour cost (MGK/VK),0.0,0.0,0.0,0.0,0.0,-72918.73060240963,-2734.452397590372,0.0,0.0,0.0,0.0,-75653.183,0.0,1 SCM operator for outbound logistics
2024_698_242_7322_20231004,2024,698,242,7322,   Labour cost charge in/out from other PL,,,,0.0,0.0,-89731.589,,,0.0,0.005000000004656613,,-89731.584,0.0,"SMD process in PL DTC, based on te minutes"
2024_698_242_7322_20231004,2024,698,242,7322,Variable Cost Center Cost w/o Labour cost,0.0,0.0,0.0,0.0,0.0,-229477.47900000002,0.0,0.0,0.0,-63163.98199999999,0.0,-292641.461,0.0,
2024_698_242_7322_20231004,2024,698,242,7322,% of Sales,0.0,0.0,0.0,0.0,0.0,,,,,,,-0.040496228699799776,,
2024_698_242_7322_20231004,2024,698,242,7322,   thereof consumable tools,,,,0.0,0.0,,,,0.0,0.0,,,0.0,
2024_698_242_7322_20231004,2024,698,242,7322,   thereof operating supplies,,,,0.0,0.0,-4500.0,,,0.0,0.0,,-4500.0,0.0,
2024_698_242_7322_20231004,2024,698,242,7322,   thereof variable maintenance (w/o labour cost),,,,0.0,0.0,-23215.0,,,0.0,-63200.024999999994,,-86415.025,0.0,incl. avg 0.75 Shopfloor maintenance headcount
2024_698_242_7322_20231004,2024,698,242,7322,   thereof utility / energy,,,,0.0,0.0,-48786.203,,,0.0,0.0,,-48786.203,0.0,
2024_698_242_7322_20231004,2024,698,242,7322,   thereof Logistic cost variable w/o compensation,0.0,0.0,0.0,0.0,0.0,-82897.32,0.0,0.0,0.0,0.0,0.0,-82897.31999999999,0.0,
2024_698_242_7322_20231004,2024,698,242,7322,   thereof charges in/out from other PL,,,,0.0,0.0,-70078.956,,,0.0,36.04300000000512,,-70042.913,0.0,"SMD process in PL DTC, based on tgb minutes"
2024_698_242_7322_20231004,2024,698,242,7322,   thereof others,,,,0.0,0.0,,,,0.0,0.0,,,0.0,
2024_698_242_7322_20231004,2024,698,242,7322,Variations rework/spoilage/scrap,0.0,0.0,,0.0,0.0,-29628.191,,,0.0,0.0,-29628.190787699998,-29628.191,0.0,0.41% of Sales
2024_698_242_7322_20231004,2024,698,242,7322,Replacement and adjustment of general warranty,0.0,0.0,,0.0,0.0,-50605.0,,,0.0,0.0,-50605.0,-50605.0,0.0,
2024_698_242_7322_20231004,2024,698,242,7322,Variations due to start up cost,0.0,0.0,,0.0,,-85550.0,,,0.0,0.0,-85550.0,-85550.0,0.0,"SBW new backend line (line setup,Trial run parts, PPAP, Scrap)"
2024_698_242_7322_20231004,2024,698,242,7322,Others,0.0,0.0,,0.0,,,,,0.0,0.295304998755455,,0.295304998755455,0.0,
2024_698_242_7322_20231004,2024,698,242,7322,Direct Debits / Credits to P&L,0.0,0.0,0.0,0.0,0.0,-165783.191,0.0,0.0,0.0,0.295304998755455,-165783.1907877,-165782.89569500124,0.0,
2024_698_242_7322_20231004,2024,698,242,7322,Total variable cost,0.0,0.0,0.0,0.0,0.0,-5780086.68248741,186659.92651976,0.0,,35.873967649415135,,-5593390.882,0.0,
2024_698_242_7322_20231004,2024,698,242,7322,Marginal Contribution after Variations,0.0,0.0,0.0,0.0,7226387.997,-5780086.68248741,186659.92651976,0.0,,35.873967649415135,,1632997.1150000002,0.0,
2024_698_242_7322_20231004,2024,698,242,7322,in % of Sales,0.0,0.0,0.0,0.0,1.0,,,,,,,0.22597694943558677,,
2024_698_242_7322_20231004,2024,698,242,7322,Check,0.0,0.0,0.0,0.0,0.0,0.0,0.0,0.0,,-2.9103830456733704e-11,-165783.1907877,0.0,,
2024_698_242_7411_20231004,2024,698,242,7411,Sales,15389114.475,34261065.686,3331963.73899859,30929101.947001405,-4339219.728499996,,-2035738.07900141,,,1245453.0735,,25799597.213,-0.24697038178989228,Special impact ReAct Target was included in FC7+5
2024_698_242_7411_20231004,2024,698,242,7411,Production Sales ,4538221.804,10358016.95,,10358016.95,,,,,,,,8055744.41,-0.2222696246891157,
2024_698_242_7411_20231004,2024,698,242,7411,Material 3rd. Parties,-2237733.89,-4376929.563999999,149969.559,-4526899.123,635104.0,-2341339.1599700004,-2579.0556950001046,0.0,,0.0,,-6235713.338665,0.4246775616298222,
2024_698_242_7411_20231004,2024,698,242,7411,Material 3rd Parties & ICO Material/Cost Purchaser in % of Sales,-0.8936458114169692,-0.8881526780633813,0.04500936106977948,-0.9886813672677932,-0.9886812073199681,,,,,,,-0.8624215718939023,,
2024_698_242_7411_20231004,2024,698,242,7411,"   thereof Standard material 
   incl. subcontracting / cash discount (w/o ICO)",-2305374.443,-4526899.123,,-4526899.123,635104.0,-2341339.1599700004,-2579.0556950001046,,,0.0,,-6235713.338665,0.3774800739391251,MODIAS as of 5th Sep. Mix impact mainly Pisa ICO → 3rd party
2024_698_242_7411_20231004,2024,698,242,7411,   thereof Variances in Material,67535.008,149864.014,149864.014,0.0,0.0,,,,,0.0,,0.0,-1.0,FC7+5 Special impact because of Material shortage
2024_698_242_7411_20231004,2024,698,242,7411,   thereof Material Usage,105.545,105.545,105.545,0.0,0.0,,,,,0.0,,0.0,-1.0,
2024_698_242_7411_20231004,2024,698,242,7411,   thereof Standard Supplier tooling,,,,0.0,0.0,,,,,0.0,,,0.0,
2024_698_242_7411_20231004,2024,698,242,7411,   thereof OVC licences for embedded software,,,,0.0,0.0,,,,,0.0,,,0.0,
2024_698_242_7411_20231004,2024,698,242,7411,ICO cost (Purchases) incl. value add sender,-11514683.802,-26052127.678326316,,-26052127.678326316,3655001.0,6382710.834326316,,,,0.0,,-16014415.844,-0.385293360997806,Budget ICO Alignment
2024_698_242_7411_20231004,2024,698,242,7411,   thereof PE ICO,-3107652.451,-6004118.647,,-6004118.647,842352.0,3655886.932,,,,0.0,,-1505879.715,-0.7491922122904044,
2024_698_242_7411_20231004,2024,698,242,7411,Total Variable Labour cost,-180078.979,-357366.5037944544,0.0,-357366.5037944544,50137.0,7610.123460854476,-11635.992216867497,0.0,0.0,-10673.74544953258,0.0,-321929.118,-0.0991625835610962,
2024_698_242_7411_20231004,2024,698,242,7411,% of Sales,-0.01170171157622765,-0.010430688498416558,0.0,-0.011554376987951998,-0.011554381464183567,,,,,,,-0.01247806759703152,,
2024_698_242_7411_20231004,2024,698,242,7411,   Variable Labour cost (Production),-81126.306,-150211.42755724,,-150211.42755724,21074.0,7610.123460854476,-4557.16745783134,,0.0,2.8385542168689426,,-126081.633,-0.16063887381700725,
2024_698_242_7411_20231004,2024,698,242,7411,   Variable Labour cost (MGK/VK),-98952.673,-207155.07623721438,0.0,-207155.07623721438,29063.0,0.0,-7078.824759036157,0.0,0.0,-10676.584003749449,0.0,-195847.485,-0.05458515158115662,
2024_698_242_7411_20231004,2024,698,242,7411,   Labour cost charge in/out from other PL,0.0,0.0,,0.0,0.0,,,,0.0,0.0,,,0.0,
2024_698_242_7411_20231004,2024,698,242,7411,Variable Cost Center Cost w/o Labour cost,-503355.83700000006,-965718.9928792327,-169800.0,-795918.9928792327,111664.0,-923.9960000000001,-1745.22396490877,27458.49866308417,0.040074928024279956,133754.28918105736,0.0,-525711.4249999999,-0.45562691748184103,
2024_698_242_7411_20231004,2024,698,242,7411,% of Sales,-0.032708564083899314,-0.02818706813529889,-0.05096093874389905,-0.02573365997638989,-0.02573365881118922,,,,,,,-0.020376729941159796,,
2024_698_242_7411_20231004,2024,698,242,7411,   thereof consumable tools,,,,0.0,0.0,,,,0.0,0.0,,,0.0,
2024_698_242_7411_20231004,2024,698,242,7411,   thereof operating supplies,-10025.0,-20081.6262981754,,-20081.6262981754,2817.0,,-1004.0813149087701,17068.70161308417,0.9886516695057606,0.0,,-1200.006,-0.9402435847484607,Production Volume decrease
2024_698_242_7411_20231004,2024,698,242,7411,   thereof variable maintenance (w/o labour cost),-2790.0,-5580.0,,-5580.0,783.0,-923.9960000000001,-279.0,,0.0,0.0,,-5999.996,0.07526810035842302,
2024_698_242_7411_20231004,2024,698,242,7411,   thereof utility / energy,-9695.438,-22299.5074,,-22299.5074,3129.0,,-462.14265,10389.797050000001,0.5419677650263969,0.0,,-9242.853,-0.5855131311106899,Production Volume decrease
2024_698_242_7411_20231004,2024,698,242,7411,   thereof Logistic cost variable w/o compensation,-480845.39900000003,-917757.8591810573,-169800.0,-747957.8591810573,104935.0,0.0,0.0,0.0,0.0,133754.28918105736,0.0,-509268.56999999995,-0.44509484184157744,
2024_698_242_7411_20231004,2024,698,242,7411,   thereof charges in/out from other PL,,,,0.0,0.0,,,,0.0,0.0,,,0.0,
2024_698_242_7411_20231004,2024,698,242,7411,   thereof others,,,,0.0,0.0,,,,0.0,0.0,,,0.0,
2024_698_242_7411_20231004,2024,698,242,7411,Variations rework/spoilage/scrap,7964.432,7398.294,,7398.294,-1038.0,-9904.822,,,0.0,0.0,-3544.528,-3544.528,-1.4791007224097878,0.044% of Production Sales
2024_698_242_7411_20231004,2024,698,242,7411,Replacement and adjustment of general warranty,-19456.87,-109171.03,,-109171.03,15316.0,-14894.970000000001,,,0.0,0.0,-108750.0,-108750.0,-0.0038566092121692375,
2024_698_242_7411_20231004,2024,698,242,7411,Variations due to start up cost,0.0,0.0,,0.0,,,,,0.0,0.0,,0.0,0.0,
2024_698_242_7411_20231004,2024,698,242,7411,Others,0.0,0.0,,0.0,,,,,0.0,-0.0003349967300891876,,-0.0003349967300891876,0.0,
2024_698_242_7411_20231004,2024,698,242,7411,Direct Debits / Credits to P&L,-11492.437999999998,-101772.736,0.0,-101772.736,14278.0,-24799.792,0.0,0.0,0.0,-0.0003349967300891876,-112294.528,-112294.52833499674,0.10338517709690676,
2024_698_242_7411_20231004,2024,698,242,7411,Total variable cost,-11339692.495,-25849796.828,-19830.44099999999,-25829966.387000002,3623832.0,367371.0778171697,-15960.27187677637,27458.49866308417,,123080.54339652508,,-21704184.539,-0.16037310918086423,
2024_698_242_7411_20231004,2024,698,242,7411,Marginal Contribution after Variations,4049421.9800000004,8411268.857999995,3312133.29799859,5099135.560001403,-715387.7284999955,367371.0778171697,-2051698.3508781863,27458.49866308417,,1368533.616896525,,4095412.6739999987,-0.5131040580037061,
2024_698_242_7411_20231004,2024,698,242,7411,in % of Sales,0.26313547713082436,0.24550517298815572,0.9940484223258804,0.16486529640398329,0.16486552266559099,,,,,,,0.15873940357240873,,
2024_698_242_7411_20231004,2024,698,242,7411,Check,0.0,0.0,0.0,0.0,0.0,0.0,0.0,0.0,,2.9685907065868378e-09,-112294.528,0.0,,
2024_698_242_7431_20231004,2024,698,242,7431,Sales,158109287.106,240465891.805,486681.581554562,239979210.22344545,-132854467.49710007,,-13874598.337345375,,,0.0,,93250144.389,-0.6122105148092314,Special impact CM Material EQ was inclued in FC7+5
2024_698_242_7431_20231004,2024,698,242,7431,Production Sales ,113375402.009,203703516.58484,,203703516.58484,,,,,,,,77235638.49099997,-0.6208428809385218,
2024_698_242_7431_20231004,2024,698,242,7431,Material 3rd. Parties,-119782257.959,-185890782.6580411,-4718460.453,-181172322.20504108,100298490.0,12212281.902543388,825778.1673797965,0.0,,2.086162567138672e-07,,-67835772.1351177,-0.6350772686782094,
2024_698_242_7431_20231004,2024,698,242,7431,Material 3rd Parties & ICO Material/Cost Purchaser in % of Sales,-0.7583225922055913,-0.7740149013564634,-9.69516955609509,-0.7559226605635281,-0.7559226640398233,,,,,,,-0.7310878055987188,,
2024_698_242_7431_20231004,2024,698,242,7431,"   thereof Standard material 
   incl. subcontracting / cash discount (w/o ICO)",-115894054.161,-179628472.6530411,,-179628472.6530411,99443802.0,12158698.156543389,825778.1673797965,,,2.086162567138672e-07,,-67200194.3291177,-0.6258934158009721,MODIAS as of 5th Sep. PSS phase out & CCN line transfer compared to FC7+5
2024_698_242_7431_20231004,2024,698,242,7431,   thereof Variances in Material,-3442161.123,-5318517.603,-5318517.603,0.0,0.0,,,,,0.0,,0.0,-1.0,
2024_698_242_7431_20231004,2024,698,242,7431,   thereof Material Usage,319181.063,600057.15,600057.15,0.0,0.0,,,,,0.0,,0.0,-1.0,
2024_698_242_7431_20231004,2024,698,242,7431,   thereof Standard Supplier tooling,-765223.738,-1543849.552,,-1543849.552,854688.0,53583.74599999993,,,,0.0,,-635577.806,-0.5883162286269199,PSS phase out & CCN line transfer
2024_698_242_7431_20231004,2024,698,242,7431,   thereof OVC licences for embedded software,,,,0.0,0.0,,,,,0.0,,,0.0,
2024_698_242_7431_20231004,2024,698,242,7431,ICO cost (Purchases) incl. value add sender,-115586.491,-233400.867,,-233400.867,129213.0,-234083.431,,,,0.0,,-338271.298,0.4493146591439183,Budget ICO Alignment
2024_698_242_7431_20231004,2024,698,242,7431,   thereof PE ICO,-21310.643,-63230.699,,-63230.699,35005.0,-16689.538,,,,0.0,,-44915.237,-0.28966091296887286,
2024_698_242_7431_20231004,2024,698,242,7431,Total Variable Labour cost,-7865603.04,-14053187.839453243,0.0,-14053187.839453243,7779961.0,0.0,-204242.666674699,980031.3843598636,0.15622444547936679,-300643.16623192193,0.0,-5798081.288,-0.5874187868091869,
2024_698_242_7431_20231004,2024,698,242,7431,% of Sales,-0.049747887578082135,-0.05844150176129484,0.0,-0.05856002203844355,-0.058560025466737275,,,,,,,-0.062177719144464454,,
2024_698_242_7431_20231004,2024,698,242,7431,   Variable Labour cost (Production),-6626931.488,-11745312.183396008,,-11745312.183396008,6502302.0,,-159861.70496385545,980031.3843598636,0.18692151075035232,0.0,,-4422840.504,-0.6234378077874818,48 HC decrease mainly PSS phase out. Maintenance harmonization 864 K EUR(1.25 B KRW) move to MDC(Net impact 0)
2024_698_242_7431_20231004,2024,698,242,7431,   Variable Labour cost (MGK/VK),-980798.8809999999,-1844551.434197756,0.0,-1844551.434197756,1021159.0,0.0,-44380.96171084355,0.0,0.0,-360099.8780914005,0.0,-1227873.274,-0.3343241878565265,
2024_698_242_7431_20231004,2024,698,242,7431,   Labour cost charge in/out from other PL,-257872.671,-463324.22185947857,,-463324.22185947857,256500.0,,,,0.0,59456.71185947856,,-147367.51,-0.681934371122313,Line sharing from other PLs
2024_698_242_7431_20231004,2024,698,242,7431,Variable Cost Center Cost w/o Labour cost,-4514580.601,-7758098.618505669,-409563.440083078,-7348535.178422591,4068211.0,-1915014.260294295,-131094.4416201215,0.0,0.0,-459775.72066299384,0.0,-5786208.601000001,-0.2541718163780554,
2024_698_242_7431_20231004,2024,698,242,7431,% of Sales,-0.028553544726144544,-0.03226278188674222,-0.8415429217083731,-0.030621549139945685,-0.03062155964073094,,,,,,,-0.062050398301394534,,
2024_698_242_7431_20231004,2024,698,242,7431,   thereof consumable tools,,,,0.0,0.0,,,,0.0,0.0,,,0.0,
2024_698_242_7431_20231004,2024,698,242,7431,   thereof operating supplies,-501305.88,-900704.8163106092,,-900704.8163106092,498638.0,-120795.4648738603,-45035.240815530466,,0.0,0.0,,-567897.522,-0.3694965190414172,
2024_698_242_7431_20231004,2024,698,242,7431,   thereof variable maintenance (w/o labour cost),-341675.49999999994,-255655.75123597868,,-255655.75123597868,141533.0,-1733968.7522022224,-12782.787561798934,,0.0,0.0,,-1860874.291,6.278828197697582,Incl. Maintenance harmonization 864 K EUR(1.25 B KRW)
2024_698_242_7431_20231004,2024,698,242,7431,   thereof utility / energy,-597820.758,-1374987.7434,,-1374987.7434,761205.0,-219997.50654999993,-43883.171050000004,,0.0,0.0,,-877663.421,-0.3616936403885621,Volume decrease(PSS phase out & CCN line transfer)
2024_698_242_7431_20231004,2024,698,242,7431,   thereof Logistic cost variable w/o compensation,-2746590.135,-4638885.463703239,-409563.440083078,-4229322.02362016,2341388.0,0.0,0.0,0.0,0.0,-459784.13637983985,0.0,-2347718.16,-0.4939046936231515,
2024_698_242_7431_20231004,2024,698,242,7431,   thereof charges in/out from other PL,-327188.328,-587864.8438558417,,-587864.8438558417,325447.0,159747.46333178773,-29393.242192792084,,0.0,8.415716846036958,,-132055.207,-0.7753646805380608,Line sharing from other PLs
2024_698_242_7431_20231004,2024,698,242,7431,   thereof others,,,,0.0,0.0,,,,0.0,0.0,,,0.0,
2024_698_242_7431_20231004,2024,698,242,7431,Variations rework/spoilage/scrap,-109630.247,-183410.221,,-183410.221,101537.0,16598.119999999988,,,0.0,0.0,-65275.101,-65275.101,-0.6441032531115045,Div P target
2024_698_242_7431_20231004,2024,698,242,7431,Replacement and adjustment of general warranty,-244115.868,-504185.722,,-504185.722,279121.0,29314.72200000001,,,0.0,0.0,-195750.0,-195750.0,-0.6117502113635815,Div P target
2024_698_242_7431_20231004,2024,698,242,7431,Variations due to start up cost,0.0,0.0,,0.0,,,,,0.0,0.0,,0.0,0.0,
2024_698_242_7431_20231004,2024,698,242,7431,Others,0.0,0.0,,0.0,,,,,0.0,0.00011767446994781494,,0.00011767446994781494,0.0,
2024_698_242_7431_20231004,2024,698,242,7431,Direct Debits / Credits to P&L,-353746.115,-687595.943,0.0,-687595.943,380658.0,45912.842,0.0,0.0,0.0,0.00011767446994781494,-261025.101,-261025.10088232553,-0.6203801032573493,
2024_698_242_7431_20231004,2024,698,242,7431,Total variable cost,-132610463.563,-208559835.227,-5128023.893083078,-203431811.33391693,112621528.0,10125786.591249093,490441.0590849761,980031.3843598636,,-760418.8867770135,,-79974443.186,-0.6165395743674495,
2024_698_242_7431_20231004,2024,698,242,7431,Marginal Contribution after Variations,25498823.543000013,31906056.57800001,-4641342.311528516,36547398.88952851,-20232939.49710007,10125786.591249093,-13384157.278260399,980031.3843598636,,-760418.8867770135,,13275701.202999994,-0.5839128169742572,
2024_698_242_7431_20231004,2024,698,242,7431,in % of Sales,0.16127340784165975,0.1326843334765891,-9.536712477803464,0.1522940210341517,0.1522940092138167,,,,,,,0.14236654849154343,,
2024_698_242_7431_20231004,2024,698,242,7431,Check,0.0,0.0,0.0,0.0,0.0,0.0,0.0,0.0,,-1.909211277961731e-08,-261025.101,0.0,,
2024_698_242_7521_20231004,2024,698,242,7521,Sales,10156179.188,21211769.709,,21211769.709,-1031559.0,,-867809.1439127801,,,1259128.2449127808,,20571529.81,-0.030183238257972977,
2024_698_242_7521_20231004,2024,698,242,7521,Production Sales ,9838784.36,19161064.041389994,,19161064.041389994,,,,,,,,18709188.107499998,-0.023583029257346788,
2024_698_242_7521_20231004,2024,698,242,7521,Material 3rd. Parties,-6437852.2654800005,-12440969.5905612,0.0,-12440969.5905612,605023.0,1066210.0,148212.289667001,0.0,,21110.739559197893,,-10600413.561335001,-0.14794313383923108,
2024_698_242_7521_20231004,2024,698,242,7521,Material 3rd Parties & ICO Material/Cost Purchaser in % of Sales,-0.6580276643185199,-0.6180674203579288,0.0,-0.6180674203579288,-0.6180683799957152,,,,,,,-0.5391604017322723,,
2024_698_242_7521_20231004,2024,698,242,7521,"   thereof Standard material 
   incl. subcontracting / cash discount (w/o ICO)",-6149333.64436,-11976536.84234,,-11976536.84234,582436.0,688965.0,142985.997180001,0.0,,0.8118249978870153,,-10562149.033335,-0.11809656060212592,"Volume decrease, material price drop, and product mix impact"
2024_698_242_7521_20231004,2024,698,242,7521,   thereof Variances in Material,-254375.997,-402022.499,,-402022.499,19551.0,377245.0,5226.292487,0.0,,0.20651300001100026,,0.0,-1.0,-
2024_698_242_7521_20231004,2024,698,242,7521,   thereof Material Usage,-4308.719,-4308.719,,-4308.719,210.0,,,0.0,,4098.719,,0.0,-1.0,-
2024_698_242_7521_20231004,2024,698,242,7521,   thereof Standard Supplier tooling,-29833.905119999996,-58101.530221199995,,-58101.530221199995,2826.0,0.0,0.0,0.0,,17011.002221199997,,-38264.528,-0.3414196174468723,supplier tooling depreciation decrease
2024_698_242_7521_20231004,2024,698,242,7521,   thereof OVC licences for embedded software,0.0,0.0,,0.0,0.0,0.0,0.0,,,0.0,,0.0,0.0,-
2024_698_242_7521_20231004,2024,698,242,7521,ICO cost (Purchases) incl. value add sender,-245194.604,-669334.194706884,,-669334.194706884,32551.0,145842.4794348718,0.0,,,0.0,,-490940.71527201217,-0.2665237796688308,"Changchun, Boussens"
2024_698_242_7521_20231004,2024,698,242,7521,   thereof PE ICO,-138065.486,-298813.856,,-298813.856,14532.0,96639.39900000003,0.0,,,0.0,,-187642.457,-0.37204231586904735,-
2024_698_242_7521_20231004,2024,698,242,7521,Total Variable Labour cost,-682692.4650000001,-1340948.4911946112,0.0,-1340948.4911946112,65212.0,0.0,-49449.08327710863,0.0,0.0,-42905.72952828021,0.0,-1368091.304,0.0202415029239551,
2024_698_242_7521_20231004,2024,698,242,7521,% of Sales,-0.06721941907116341,-0.0632171907196247,0.0,-0.0632171907196247,-0.06321693669484732,,,,,,,-0.0665041111009138,,
2024_698_242_7521_20231004,2024,698,242,7521,   Variable Labour cost (Production),-586427.131,-1139690.83278048,,-1139690.83278048,55425.0,0.0,-41927.03877108451,0.0,0.0,-33788.53444843553,,-1159981.406,0.017803576756002748,1 operator HC increase(quality inspector)
2024_698_242_7521_20231004,2024,698,242,7521,   Variable Labour cost (MGK/VK),-96265.334,-201257.6584141312,0.0,-201257.6584141312,9787.0,0.0,-7522.044506024118,0.0,0.0,-9117.195079844678,0.0,-208109.898,0.03404709982150744,-
2024_698_242_7521_20231004,2024,698,242,7521,   Labour cost charge in/out from other PL,0.0,0.0,,0.0,0.0,0.0,0.0,0.0,0.0,0.0,,0.0,0.0,-
2024_698_242_7521_20231004,2024,698,242,7521,Variable Cost Center Cost w/o Labour cost,-618390.5079999999,-1130116.2869313527,-214468.5780101499,-915647.7089212028,44529.0,0.0,-13344.368689807648,0.0,0.0,-137728.30930056304,0.0,-1022191.3869115734,-0.09549893339988214,
2024_698_242_7521_20231004,2024,698,242,7521,% of Sales,-0.0608881053152998,-0.0532777935285547,0.0,-0.043166964448642875,-0.043166702050003926,,,,,,,-0.04968961454751301,,
2024_698_242_7521_20231004,2024,698,242,7521,   thereof consumable tools,0.0,0.0,,0.0,0.0,0.0,0.0,0.0,0.0,0.0,,0.0,0.0,-
2024_698_242_7521_20231004,2024,698,242,7521,   thereof operating supplies,-18862.704999999998,-36735.117987499994,,-36735.117987499994,1786.0,0.0,-844.9077137124998,0.0,0.0,-17370.775298787506,,-53164.801,0.4472473184403709,"shortened replacement time for major spareparts(e.g. test probe, welding tips)is necessary in 2024 due to the old equipment. 10K€"
2024_698_242_7521_20231004,2024,698,242,7521,   thereof variable maintenance (w/o labour cost),-162771.005,-316996.5322375,,-316996.5322375,15416.0,0.0,-7290.9202414625,0.0,0.0,-240004.78052103752,,-548876.233,0.7314897078709088,Technician HC 2 increase impact & General Maintenance cost increase impact
2024_698_242_7521_20231004,2024,698,242,7521,   thereof utility / energy,-34903.581,-80278.23629999999,,-80278.23629999999,3904.0,0.0,-5208.54073463265,0.0,0.0,-22588.03765802036,,-104170.814692653,0.2976221139608297,"Occupied space increase 180 → 250sqm(39% increase, function test & packaging spaces due to the quality issue) & electricity tariff increase 5% compared to 2023"
2024_698_242_7521_20231004,2024,698,242,7521,   thereof Logistic cost variable w/o compensation,-385810.046,-680063.2294063526,-214468.5780101499,-465594.6513962028,22643.0,0.0,0.0,0.0,0.0,126972.11317728239,0.0,-315979.5382189204,-0.5353674120938015,-
2024_698_242_7521_20231004,2024,698,242,7521,   thereof charges in/out from other PL,0.0,0.0,,0.0,0.0,0.0,0.0,0.0,0.0,0.0,,0.0,0.0,-
2024_698_242_7521_20231004,2024,698,242,7521,   thereof others,-16043.171,-16043.171,,-16043.171,780.0,0.0,0.0,0.0,0.0,15263.171,,,-1.0,-
2024_698_242_7521_20231004,2024,698,242,7521,Variations rework/spoilage/scrap,-34169.34,-187369.769,,-187369.769,9112.0,0.0,0.0,0.0,0.0,97145.684,-81112.085,-81112.085,-0.5671015370681276,BU target
2024_698_242_7521_20231004,2024,698,242,7521,Replacement and adjustment of general warranty,-101225.7,-64211.16,,-64211.16,3123.0,0.0,0.0,0.0,0.0,-114287.48799999998,-175375.648,-175375.648,1.7312331376664116,BU target
2024_698_242_7521_20231004,2024,698,242,7521,Variations due to start up cost,-5747.29,-34122.71,,-34122.71,,0.0,0.0,0.0,0.0,34122.71,0.0,0.0,-1.0,-
2024_698_242_7521_20231004,2024,698,242,7521,Others,0.38348000030964613,0.2003940474241972,,0.2003940474241972,0.0,0.0,0.0,0.0,0.0,-0.3178754597902298,0.0,-0.1174814123660326,-1.5862520063649703,-
2024_698_242_7521_20231004,2024,698,242,7521,Direct Debits / Credits to P&L,-141141.94651999968,-285703.4386059526,0.0,-285703.4386059526,12235.0,0.0,0.0,0.0,0.0,16980.58812454022,-256487.733,-256487.85048141237,-0.10225844066523437,
2024_698_242_7521_20231004,2024,698,242,7521,Total variable cost,-7987206.303,-15568258.146,-214468.5780101499,-15353789.56798985,745018.0,1115413.0804348718,85418.83770008472,0.0,,-142542.71114510484,,-13550482.361,-0.1296083200880398,
2024_698_242_7521_20231004,2024,698,242,7521,Marginal Contribution after Variations,2168972.884999999,5643511.562999999,-214468.5780101499,5857980.141010148,-286541.0,1115413.0804348718,-782390.3062126953,0.0,,1116585.533767676,,7021047.448999999,0.2440919754699189,
2024_698_242_7521_20231004,2024,698,242,7521,in % of Sales,0.21356189614719892,0.26605566817018095,0.0,0.27616649725009274,0.27777470799052695,,,,,,,0.3412992380171458,,
2024_698_242_7521_20231004,2024,698,242,7521,Check,0.0,0.0,0.0,0.0,0.0,0.0,0.0,0.0,,-2.9103830456733704e-10,-256487.733,0.0,,
2024_698_242_7721_20231004,2024,698,242,7721,Sales,0.0,0.0,,0.0,86790775.2805,,,,,0.0005000084638595581,,86790775.281,0.0,
2024_698_242_7721_20231004,2024,698,242,7721,Production Sales ,,,,0.0,,,,,,,,86790775.281,0.0,
2024_698_242_7721_20231004,2024,698,242,7721,Material 3rd. Parties,0.0,0.0,0.0,0.0,0.0,-39991736.965,0.0,0.0,,0.0,,-39991736.965,0.0,
2024_698_242_7721_20231004,2024,698,242,7721,Material 3rd Parties & ICO Material/Cost Purchaser in % of Sales,0.0,0.0,0.0,0.0,0.0,,,,,,,-0.4607832668335996,,
2024_698_242_7721_20231004,2024,698,242,7721,"   thereof Standard material 
   incl. subcontracting / cash discount (w/o ICO)",,,,0.0,0.0,-37700000.0,0.0,,,0.0,,-37700000.0,0.0,26M EUR from PL instead of MODIAS. MTC EPF4 Material costs -7.3M EUR(-10.5B KRW) will be charged isn't included
2024_698_242_7721_20231004,2024,698,242,7721,   thereof Variances in Material,0.0,0.0,,0.0,0.0,,,,,0.0,,0.0,0.0,
2024_698_242_7721_20231004,2024,698,242,7721,   thereof Material Usage,0.0,0.0,,0.0,0.0,,,,,0.0,,0.0,0.0,
2024_698_242_7721_20231004,2024,698,242,7721,   thereof Standard Supplier tooling,,,,0.0,0.0,-2291736.965,,,,0.0,,-2291736.965,0.0,MTC EPF4 Supplier Tooling -459K EUR(-666M KRW) isn’t included
2024_698_242_7721_20231004,2024,698,242,7721,   thereof OVC licences for embedded software,,,,0.0,0.0,,,,,0.0,,,0.0,
2024_698_242_7721_20231004,2024,698,242,7721,ICO cost (Purchases) incl. value add sender,,,,0.0,0.0,0.0,,,,0.0,,,0.0,MTC EPF4 ICO Purchase Var. -12.1M EUR(-17.6B KRW) isn't included
2024_698_242_7721_20231004,2024,698,242,7721,   thereof PE ICO,0.0,0.0,,0.0,0.0,0.0,,,,0.0,,0.0,0.0,
2024_698_242_7721_20231004,2024,698,242,7721,Total Variable Labour cost,0.0,0.0,0.0,0.0,0.0,-1794149.435144578,-97545.99997590377,0.0,0.0,-810707.303879518,-1338118.758,-2702402.739,0.0,
2024_698_242_7721_20231004,2024,698,242,7721,% of Sales,0.0,0.0,0.0,0.0,0.0,,,,,,,-0.031136981208550196,,
2024_698_242_7721_20231004,2024,698,242,7721,   Variable Labour cost (Production),,,,0.0,0.0,-1790519.3561445782,-67144.47585542174,,0.0,0.0,-1338118.758,-1857663.832,0.0,Avg. 37 HC(Operator cc HC only) wihtout LDC Startup -610K
2024_698_242_7721_20231004,2024,698,242,7721,   Variable Labour cost (MGK/VK),0.0,0.0,0.0,0.0,0.0,0.0,-30401.524120482034,0.0,0.0,-810707.309879518,0.0,-841108.834,0.0,
2024_698_242_7721_20231004,2024,698,242,7721,   Labour cost charge in/out from other PL,,,,0.0,0.0,-3630.079,,,0.0,0.006000000000312866,,-3630.073,0.0,MTC EPF4 LDC line share -167.5K EUR(-243M KRW) isn't included
2024_698_242_7721_20231004,2024,698,242,7721,Variable Cost Center Cost w/o Labour cost,0.0,0.0,0.0,0.0,0.0,-2054690.09945,-107907.03094999999,0.0,0.0,-1784858.3336000002,-984969.086,-3947455.464,0.0,
2024_698_242_7721_20231004,2024,698,242,7721,% of Sales,0.0,0.0,0.0,0.0,0.0,,,,,,,-0.045482431182570233,,
2024_698_242_7721_20231004,2024,698,242,7721,   thereof consumable tools,,,,0.0,0.0,,,,0.0,0.0,-984969.086,,0.0,
2024_698_242_7721_20231004,2024,698,242,7721,   thereof operating supplies,,,,0.0,0.0,-127916.87015,-6732.469250000001,,0.0,-0.045600000012200326,,-134649.385,0.0,-26K EUR(-38M KRW) Incl. in Startup
2024_698_242_7721_20231004,2024,698,242,7721,   thereof variable maintenance (w/o labour cost),,,,0.0,0.0,-1474072.44095,-77582.76005,,0.0,0.0,,-1551655.201,0.0,"Incl. Maintenance harmonization impact 612K EUR(877M KRW), without MDC Startup -626K EUR"
2024_698_242_7721_20231004,2024,698,242,7721,   thereof utility / energy,,,,0.0,0.0,-448244.23135,-23591.80165,,0.0,0.0,,-471836.033,0.0,-181K EUR(-263M KRW) Incl. in Startup
2024_698_242_7721_20231004,2024,698,242,7721,   thereof Logistic cost variable w/o compensation,0.0,0.0,0.0,0.0,0.0,0.0,0.0,0.0,0.0,-1784858.286,0.0,-1784858.286,0.0,
2024_698_242_7721_20231004,2024,698,242,7721,   thereof charges in/out from other PL,,,,0.0,0.0,-4456.557,,,0.0,-0.0020000000004074536,,-4456.559,0.0,MTC EPF4 MDC line share -275.7K EUR(-400M KRW) isn’t included
2024_698_242_7721_20231004,2024,698,242,7721,   thereof others,,,,0.0,0.0,,,,0.0,0.0,,,0.0,
2024_698_242_7721_20231004,2024,698,242,7721,Variations rework/spoilage/scrap,0.0,0.0,,0.0,0.0,-467219.0,,,0.0,0.0,-467219.0,-467219.0,0.0,
2024_698_242_7721_20231004,2024,698,242,7721,Replacement and adjustment of general warranty,0.0,0.0,,0.0,0.0,-607535.427,,,0.0,0.0,-607535.427,-607535.427,0.0,0.7% of Production Sales
2024_698_242_7721_20231004,2024,698,242,7721,Variations due to start up cost,-304765.112,-1983922.639,,-1983922.639,,-1985160.065,,,0.0,0.0,-3354683.75,-3969082.704,1.000623726941603,"Div E Target -2,313.5K EUR vs Bottom up -2,737K EUR(Trial parts -562K + LDC & MDC -1,190K + after SOP -984K)"
2024_698_242_7721_20231004,2024,698,242,7721,Others,2410.1530000000494,0.0,,0.0,,-31453367.639999986,,,0.0,0.0,,-31453367.639999986,0.0,"MTC EPF4 costs  Material -7,257K, LDC -168K, MDC -276K,  Scrap -643K, Startup -707K, ICO Purchase Var. -12,122K, Tooling -459K, Inbound -61K which will be charged via GMA in Actual"
2024_698_242_7721_20231004,2024,698,242,7721,Direct Debits / Credits to P&L,-302354.959,-1983922.639,0.0,-1983922.639,0.0,-34513282.131999984,0.0,0.0,0.0,0.0,-4429438.177,-36497204.77099998,17.396485857632268,
2024_698_242_7721_20231004,2024,698,242,7721,Total variable cost,-302354.959,-1983922.639,0.0,-1983922.639,0.0,-78353858.63159457,-205453.03092590376,0.0,,-2595565.637479529,,-83138799.939,40.90627109376919,
2024_698_242_7721_20231004,2024,698,242,7721,Marginal Contribution after Variations,-302354.959,-1983922.639,0.0,-1983922.639,86790775.2805,-78353858.63159457,-205453.03092590376,0.0,,-2595565.6369795203,,3651975.3420000076,-2.8407851547280054,
2024_698_242_7721_20231004,2024,698,242,7721,in % of Sales,0.0,0.0,0.0,0.0,1.0,,,,,,,0.04207792049530738,,
2024_698_242_7721_20231004,2024,698,242,7721,Check,0.0,0.0,0.0,0.0,0.0,0.0,0.0,0.0,,1.0710209608078003e-08,-6752526.021,0.0,,
2024_698_242_7811_20231004,2024,698,242,7811,Sales,125597001.382,280012227.841,2566538.0,277445689.841,24189263.0,,-6001512.0,,,3887450.2829999924,,299520891.124,0.06967075485745444,
2024_698_242_7811_20231004,2024,698,242,7811,Production Sales ,122135050.057,277940596.0594738,2566538.0,275374058.0594738,,,,,,,,293329201.13053864,0.05536652539872944,
2024_698_242_7811_20231004,2024,698,242,7811,Material 3rd. Parties,-82703747.875,-176038678.55436936,0.0,-176038678.55436936,-15348033.0,-8580131.0,1828266.9970949888,0.0,,6612085.082944384,,-191526490.47433,0.08797959657017795,
2024_698_242_7811_20231004,2024,698,242,7811,Material 3rd Parties & ICO Material/Cost Purchaser in % of Sales,-0.6600331145635185,-0.6293764813065242,-0.07575657442048393,-0.6344977954253119,-0.6344977521638423,,,,,,,-0.639442844055372,,
2024_698_242_7811_20231004,2024,698,242,7811,"   thereof Standard material 
   incl. subcontracting / cash discount (w/o ICO)",-77574041.05299999,-169257686.70986,,-169257686.70986,-14756829.0,-8580131.0,1828266.9970949888,,,-20043.645565003157,,-190786423.35833,0.12719503064799875,"- Price impact +1.3M EUR, 
- SIM3K 643 qty increase impact -11.5M EUR, 
- E88 qty increase impact -3.6M EUR, 
- other projects portion decreasement -900K EUR "
2024_698_242_7811_20231004,2024,698,242,7811,   thereof Variances in Material,-4777480.56,-6608063.376,,-6608063.376,-576128.0,,,,,7184191.376,,0.0,-1.0,
2024_698_242_7811_20231004,2024,698,242,7811,   thereof Material Usage,32350.321,512350.321,,512350.321,44670.0,,,,,-557020.321,,0.0,-1.0,
2024_698_242_7811_20231004,2024,698,242,7811,   thereof Standard Supplier tooling,-384576.583,-685278.7895093872,,-685278.7895093872,-59746.0,,,,,4957.673509387183,,-740067.116,0.07995041920068413,"SIM3K-543 supplier tooling increase -45K EUR, SIM3K-643 -17K EUR"
2024_698_242_7811_20231004,2024,698,242,7811,   thereof OVC licences for embedded software,,,,0.0,0.0,,,,,0.0,,,0.0,
2024_698_242_7811_20231004,2024,698,242,7811,ICO cost (Purchases) incl. value add sender,-194432.127,-194432.127,-194432.127,0.0,0.0,0.0,,,,0.0,,,-1.0,
2024_698_242_7811_20231004,2024,698,242,7811,   thereof PE ICO,-30670.106,-30670.106,-30670.106,0.0,0.0,0.0,,,,0.0,,0.0,-1.0,
2024_698_242_7811_20231004,2024,698,242,7811,Total Variable Labour cost,-4347506.001,-8370944.858633343,0.0,-8370944.858633343,-729826.0,-546394.0,-327381.8478433741,101178.09400000004,0.010487857881837146,1488001.0284767165,-7386242.97163298,-8385367.584000001,0.0017229507075038342,
2024_698_242_7811_20231004,2024,698,242,7811,% of Sales,-0.03461472768587185,-0.02989492610082241,0.0,-0.03017147198585282,-0.030171485588461295,,,,,,,-0.027995935617487543,,
2024_698_242_7811_20231004,2024,698,242,7811,   Variable Labour cost (Production),-4071673.637,-7980480.32852,,-7980480.32852,-695783.0,,-274879.21745783184,101178.09400000004,0.011661482618607777,1244972.7689778302,-7386242.97163298,-7604991.683,-0.047050882912161085,"- Structural change : Technician labor cost goes to MDC from 2024, +857K EUR
- 8 HC increase in production area(operators) and 1 HC impact of repair(hiring in late of 2023)
- Cost improvement comes from the employee mix impact(low compensation for new commers)
- (Opportunity applied) ENC #7,#8 backend line operate with 1HC(2HC YE, Avg. 1HC deducted) +33K EUR"
2024_698_242_7811_20231004,2024,698,242,7811,   Variable Labour cost (MGK/VK),-720955.8589999999,-1511427.1322442577,0.0,-1511427.1322442577,-131775.0,0.0,-52502.63038554229,0.0,0.0,243131.98862980003,0.0,-1452572.774,-0.03893959357264365,
2024_698_242_7811_20231004,2024,698,242,7811,   Labour cost charge in/out from other PL,445123.495,1120962.6021309136,,1120962.6021309136,97732.0,-546394.0,,,0.0,-103.72913091361988,,672196.873,-0.40033960836679516,"Lineshare decrease, MTC own line increase, DTC qty decrease and CM transferring out"
2024_698_242_7811_20231004,2024,698,242,7811,Variable Cost Center Cost w/o Labour cost,-3363848.2699999996,-7589427.073005465,-1018282.8737275987,-6571144.199277867,-572909.0,379568.0,-139164.13086580156,47975.90599999996,0.007092321822970588,-1093870.4261821527,-4330685.0200633295,-7949543.850325818,0.04744979744271327,
2024_698_242_7811_20231004,2024,698,242,7811,% of Sales,-0.026782870872601033,-0.027103913038094132,-0.3967534763668407,-0.02368443425105537,-0.02368443387464926,,,,,,,-0.026540866049422743,,
2024_698_242_7811_20231004,2024,698,242,7811,   thereof consumable tools,,,,0.0,0.0,,,,0.0,0.0,-4330685.0200633295,,0.0,
2024_698_242_7811_20231004,2024,698,242,7811,   thereof operating supplies,-361854.025,-680285.567,,-680285.567,-59311.0,,-17321.870285,3794.0,0.00512982370292695,-0.3577150000492111,,-753124.795,0.1070715469111223,Focus factory will try to keep the FC 7+5 level
2024_698_242_7811_20231004,2024,698,242,7811,   thereof variable maintenance (w/o labour cost),-469613.363,-1087242.0994442538,,-1087242.0994442538,-94792.0,,-56201.714078,39655.90599999996,0.03354886802220394,-1244972.878477746,,-2443552.786,1.2474780798582277,"Structural change : Technician labor cost goes to MDC from 2024, -857K EUR, 
try to catch the inflation impact with improvement activities"
2024_698_242_7811_20231004,2024,698,242,7811,   thereof utility / energy,-442903.531,-1018678.1213,,-1018678.1213,-88814.0,-123306.0,-64778.851800000004,,0.0,-0.06290000001899898,,-1295577.036,0.27182179425492303,"Occupied space increase, electricity price increase 5%"
2024_698_242_7811_20231004,2024,698,242,7811,   thereof Logistic cost variable w/o compensation,-1987939.0539999998,-4589745.006946659,-1018282.8737275987,-3571462.133219059,-311380.0,0.0,0.0,0.0,0.0,148859.89589323988,0.0,-3733982.237325819,-0.1864510486586134,
2024_698_242_7811_20231004,2024,698,242,7811,   thereof charges in/out from other PL,-97538.297,-207346.29123622325,,-207346.29123622325,-18078.0,502874.0,,,0.0,2243.0772362232674,,279692.786,-2.3489162710962344,"- Lineshare decrease, MTC own line increase 
- DTC qty decrease and CM transfer out phase
- DTC SMD line back to ENC"
2024_698_242_7811_20231004,2024,698,242,7811,   thereof others,-4000.0,-6129.987078328799,,-6129.987078328799,-534.0,,-861.6947028015627,4526.0,0.679172985601742,-0.10021886963841098,,-2999.782,-0.5106381201674861,
2024_698_242_7811_20231004,2024,698,242,7811,Variations rework/spoilage/scrap,-131509.696,-316006.981,,-316006.981,-27551.0,,,,0.0,-18323.15499999997,-361881.0,-361881.136,0.14516816956015277,Given target rate 0.14% of product sales
2024_698_242_7811_20231004,2024,698,242,7811,Replacement and adjustment of general warranty,-790513.095,-1398887.98,,-1398887.98,-121963.0,,,,0.0,42683.773999999976,,-1478167.206,0.05667303396230494,Standard accrual ratio 0.5% of sales
2024_698_242_7811_20231004,2024,698,242,7811,Variations due to start up cost,-32078.17,-131267.963,,-131267.963,,,,,0.0,47307.18499999998,-83961.0,-83960.778,-0.3603863724159412,Bottom up is -63K EUR but adjusted as target amount
2024_698_242_7811_20231004,2024,698,242,7811,Others,0.0,0.00800815224647522,,0.00800815224647522,,,,,0.0,-0.007352322340011597,,0.000655829906463623,-0.9181047155100871,
2024_698_242_7811_20231004,2024,698,242,7811,Direct Debits / Credits to P&L,-954100.961,-1846162.9159918479,0.0,-1846162.9159918479,-149514.0,0.0,0.0,0.0,0.0,71667.79664767765,-445842.0,-1924009.11934417,0.042166486325774466,
2024_698_242_7811_20231004,2024,698,242,7811,Total variable cost,-91532965.128,-194008975.423,-1182044.8947275986,-192826930.52827242,-16800282.0,-8746957.0,1361721.018385813,149154.0,,7077883.4818865955,,-209785411.028,0.08131807082946785,
2024_698_242_7811_20231004,2024,698,242,7811,Marginal Contribution after Variations,34064036.25399999,86003252.41800001,1384493.1052724014,84618759.3127276,7388981.0,-8746957.0,-4639790.981614187,149154.0,,10965333.764886588,,89735480.09600002,0.043396355057135905,
2024_698_242_7811_20231004,2024,698,242,7811,in % of Sales,0.2712169548570281,0.30714105980698614,0.5394399402122242,0.3049921567036105,0.3054653215354267,,,,,,,0.29959673183147023,,
2024_698_242_7811_20231004,2024,698,242,7811,Check,0.0,0.0,0.0,0.0,0.0,0.0,0.0,0.0,,2.9802322387695312e-08,-12162769.99169631,0.0,,
2024_698_242_7821_20231004,2024,698,242,7821,Sales,78052717.703,140545930.374,4242966.829,136302963.54500002,-7301989.989500013,,-2636166.8,,,1052700.0004999936,,127417506.756,-0.09341020108561382,
2024_698_242_7821_20231004,2024,698,242,7821,Production Sales ,78539121.791,134738250.79399994,4242966.829,130495283.96499994,,,,,,,,126364806.7555,-0.06214600522981417,
2024_698_242_7821_20231004,2024,698,242,7821,Material 3rd. Parties,-38596966.87290999,-67380362.07188,0.0,-67380362.07188,3609686.0,-816270.6215400002,764699.9478799999,0.0,,-87917.218,,-63910163.96354,-0.05150162453324392,
2024_698_242_7821_20231004,2024,698,242,7821,Material 3rd Parties & ICO Material/Cost Purchaser in % of Sales,-0.648326370037017,-0.6319444932604399,0.0,-0.651616255729405,-0.6516164780891188,,,,,,,-0.6546648400935848,,
2024_698_242_7821_20231004,2024,698,242,7821,"   thereof Standard material 
   incl. subcontracting / cash discount (w/o ICO)",-33775098.44339,-60431772.21739,,-60431772.21739,3237437.0,-7327299.79603,764699.9478799999,,,0.0,,-63756935.06554,0.055023421060505395,"Based on PSP after removing customer directed part that is supposed to be Zero.
Negative mix impact on material cost due to volume increase in SIM2K-305 & 310."
2024_698_242_7821_20231004,2024,698,242,7821,   thereof Variances in Material,-4717507.359,-6523231.56,,-6523231.56,349461.0,6173770.56,,,,0.0,,0.0,-1.0,
2024_698_242_7821_20231004,2024,698,242,7821,   thereof Material Usage,92893.218,92893.218,,92893.218,-4976.0,,,,,-87917.218,,0.0,-1.0,
2024_698_242_7821_20231004,2024,698,242,7821,   thereof Standard Supplier tooling,-197254.28851999997,-518251.51249000005,,-518251.51249000005,27764.0,337258.61449000007,,,,0.0,,-153228.898,-0.7043348754279677,"Existing -81K, New spending for SIM2K-310 -10K and 8s Wet DCT -13K EUR"
2024_698_242_7821_20231004,2024,698,242,7821,   thereof OVC licences for embedded software,0.0,0.0,,0.0,0.0,,,,,0.0,,0.0,0.0,
2024_698_242_7821_20231004,2024,698,242,7821,ICO cost (Purchases) incl. value add sender,-12006668.267,-21436864.6781345,,-21436864.6781345,1148411.0,782855.9561345018,,,,0.0,,-19505597.722,-0.09009092444868516,ICO purchasing Motor Ass'y from Wuhu plant for TAD701
2024_698_242_7821_20231004,2024,698,242,7821,   thereof PE ICO,-3860834.188,-6842464.744,,-6842464.744,366563.0,600567.6529999999,,,,0.0,,-5875334.091,-0.14134243860709028,PE ICO for Motor Ass'y
2024_698_242_7821_20231004,2024,698,242,7821,Total Variable Labour cost,-2164073.523,-4200446.575340306,0.0,-4200446.575340306,225025.0,152287.0,-102716.81472289198,86954.873771084,0.022744392607038675,767473.0722921146,-2299054.06106932,-3071423.4439999997,-0.26878645189025807,
2024_698_242_7821_20231004,2024,698,242,7821,% of Sales,-0.027725793369995914,-0.029886646764959328,0.0,-0.03081698641096341,-0.03081694172733426,,,,,,,-0.024105191838996398,,
2024_698_242_7821_20231004,2024,698,242,7821,   Variable Labour cost (Production),-1762567.416,-3447119.961,,-3447119.961,184668.0,,-91310.8866506028,86954.873771084,0.02665322733041279,740540.1098795189,-2299054.06106932,-2526267.864,-0.26713665535819164,Structural change : Technician labor cost (512K EUR) goes to MDC from 2024
2024_698_242_7821_20231004,2024,698,242,7821,   Variable Labour cost (MGK/VK),-198009.021,-346332.4423403066,0.0,-346332.4423403066,18554.0,0.0,-11405.928072289185,0.0,0.0,23620.360412595794,0.0,-315564.01,-0.08884074541903153,
2024_698_242_7821_20231004,2024,698,242,7821,   Labour cost charge in/out from other PL,-203497.086,-406994.172,,-406994.172,21803.0,152287.0,,,0.0,3312.6020000000135,,-229591.57,-0.43588487060694325,"Line share cost net impact from PL ENC (SMD, Packing & Laser marking)"
2024_698_242_7821_20231004,2024,698,242,7821,Variable Cost Center Cost w/o Labour cost,-2144749.7849999997,-4309575.381812227,-435139.2338743111,-3874436.1479379158,207560.0,-95043.60157766972,-35332.007099,206652.76559899998,0.05493279478532476,-436807.0240115371,-1956388.6505811499,-4027406.015027122,-0.06547498112597105,
2024_698_242_7821_20231004,2024,698,242,7821,% of Sales,-0.0274782204658271,-0.030663110417670746,-0.10255541733209037,-0.028425179080268363,-0.028425127985448276,,,,,,,-0.0316079486843159,,
2024_698_242_7821_20231004,2024,698,242,7821,   thereof consumable tools,-4691.037,-4691.037,,-4691.037,251.0,,,4440.037,1.0,0.0,-1956388.6505811499,0.0,-1.0,
2024_698_242_7821_20231004,2024,698,242,7821,   thereof operating supplies,-150173.169,-300346.338,,-300346.338,16090.0,,-6430.503599000001,11099.728598999965,0.03904830645851762,19999.977000000014,,-259587.136,-0.13570733797327006,"SMD : N2 Gas monthly cost, replacement of stencil mask & plastic rack -120K
BE : Stencil mask, PCB rack and dust cover -45K"
2024_698_242_7821_20231004,2024,698,242,7821,   thereof variable maintenance (w/o labour cost),-213867.571,-492779.566,,-492779.566,26399.0,,,33144.0,0.07106642603971625,-680076.3099999999,,-1113312.876,1.259251301828534,Structural change : Technician labor cost (512K EUR) goes to MDC from 2024
2024_698_242_7821_20231004,2024,698,242,7821,   thereof utility / energy,-238701.705,-549013.9214999999,,-549013.9214999999,29412.0,-29526.64500000002,-28901.5035,,0.0,0.0,,-578030.07,0.05285138930670996,Electricity cost increase of 5% has been considered comparing to FC
2024_698_242_7821_20231004,2024,698,242,7821,   thereof Logistic cost variable w/o compensation,-1629521.773,-3120928.153889897,-435139.2338743111,-2685788.9200155856,143882.0,90194.0,0.0,157969.0,0.06443209509170257,223269.31098846276,0.0,-2070474.6090271228,-0.3365836998052961,
2024_698_242_7821_20231004,2024,698,242,7821,   thereof charges in/out from other PL,92205.47,158183.6345776697,,158183.6345776697,-8474.0,-149710.9635776697,,,0.0,-0.0020000000020954367,,-1.331,-1.0000084142711954,(vs FC 7+5) SMD DT line #4 move back into PL ENC due to lower production than budget 2023+5 
2024_698_242_7821_20231004,2024,698,242,7821,   thereof others,0.0,,,0.0,0.0,-5999.993,,,0.0,0.0,,-5999.993,0.0,
2024_698_242_7821_20231004,2024,698,242,7821,Variations rework/spoilage/scrap,-39055.754,-168609.798,,-168609.798,9033.0,,,,0.0,7939.029999999999,-189529.5,-151637.768,-0.10065862246036261,FC scrap ratio of -0.12% applied on opportunity
2024_698_242_7821_20231004,2024,698,242,7821,Replacement and adjustment of general warranty,-250091.711,-702541.702,,-702541.702,37636.0,,,,0.0,33081.66800000006,-631824.0337775,-631824.034,-0.10065974418127854,
2024_698_242_7821_20231004,2024,698,242,7821,Variations due to start up cost,0.0,0.0,,0.0,,,,,0.0,0.0,0.0,0.0,0.0,
2024_698_242_7821_20231004,2024,698,242,7821,Others,0.11490999907255173,-0.20283296704292297,,-0.20283296704292297,,,,,0.0,0.2894001007080078,,0.08656713366508484,-1.4267902546964455,
2024_698_242_7821_20231004,2024,698,242,7821,Direct Debits / Credits to P&L,-289147.35009000095,-871151.702832967,0.0,-871151.702832967,46669.0,0.0,0.0,0.0,0.0,41020.98740010077,-821353.5337775,-783461.7154328664,-0.10065983584137494,
2024_698_242_7821_20231004,2024,698,242,7821,Total variable cost,-51340771.61,-91355935.666,-435139.2338743111,-90920796.43212569,4870788.0,-576738.919983168,626651.1260581078,293607.639370084,,283769.8176806718,,-85422718.769,-0.064946156522243,
2024_698_242_7821_20231004,2024,698,242,7821,Marginal Contribution after Variations,26711946.092999995,49189994.70800002,3807827.5951256887,45382167.11287433,-2431201.989500013,-576738.919983168,-2009515.673941892,293607.639370084,,1336469.8181806654,,41994787.987,-0.14627378522221757,
2024_698_242_7821_20231004,2024,698,242,7821,in % of Sales,0.34222954535218325,0.34999230911277823,0.8974445826679096,0.33295069991557114,0.33295060565626494,,,,,,,0.32958412902725004,,
2024_698_242_7821_20231004,2024,698,242,7821,Check,0.0,0.0,0.0,0.0,0.0,0.0,0.0,0.0,,6.51925802230835e-09,-5076796.24542797,0.0,,
2024_698_242_7831_20231004,2024,698,242,7831,Sales,0.0,0.0,,0.0,2006532.0,,,,,-0.003000000026077032,,2006531.997,0.0,
2024_698_242_7831_20231004,2024,698,242,7831,Production Sales ,,,,0.0,,,,,,,,2006531.9967,0.0,
2024_698_242_7831_20231004,2024,698,242,7831,Material 3rd. Parties,-15.554,0.0,0.0,0.0,0.0,0.0,0.0,0.0,,-1689164.321595,,-1689164.321595,0.0,
2024_698_242_7831_20231004,2024,698,242,7831,Material 3rd Parties & ICO Material/Cost Purchaser in % of Sales,0.0,0.0,0.0,0.0,0.0,,,,,,,-0.8418327363433518,,
2024_698_242_7831_20231004,2024,698,242,7831,"   thereof Standard material 
   incl. subcontracting / cash discount (w/o ICO)",,,,0.0,0.0,,,,,-1615766.321595,,-1615766.321595,0.0,From Modias PSP report
2024_698_242_7831_20231004,2024,698,242,7831,   thereof Variances in Material,-15.554,0.0,,0.0,0.0,,,,,0.0,,0.0,0.0,
2024_698_242_7831_20231004,2024,698,242,7831,   thereof Material Usage,0.0,0.0,,0.0,0.0,,,,,0.0,,0.0,0.0,
2024_698_242_7831_20231004,2024,698,242,7831,   thereof Standard Supplier tooling,,,,0.0,0.0,,,,,-73398.0,,-73398.0,0.0,From Investment budget
2024_698_242_7831_20231004,2024,698,242,7831,   thereof OVC licences for embedded software,,,,0.0,0.0,,,,,0.0,,,0.0,
2024_698_242_7831_20231004,2024,698,242,7831,ICO cost (Purchases) incl. value add sender,,,,0.0,0.0,0.0,,,,0.0,,,0.0,
2024_698_242_7831_20231004,2024,698,242,7831,   thereof PE ICO,0.0,0.0,,0.0,0.0,0.0,,,,0.0,,0.0,0.0,
2024_698_242_7831_20231004,2024,698,242,7831,Total Variable Labour cost,0.0,0.0,0.0,0.0,0.0,0.0,-3335.648493975903,0.0,0.0,-116816.9215060241,-47747.149000000005,-120152.56999999999,0.0,
2024_698_242_7831_20231004,2024,698,242,7831,% of Sales,0.0,0.0,0.0,0.0,0.0,,,,,,,-0.05988071467569026,,
2024_698_242_7831_20231004,2024,698,242,7831,   Variable Labour cost (Production),,,,0.0,0.0,,-2629.7544578313245,,0.0,-70126.78554216867,-47747.149000000005,-72756.54,0.0,"(Target) Technician labor cost moved to MDC(15.7K EUR)
Average 1.4 HC(for 1 line, 4 people is necessary, 3 operators, 1 material handler)"
2024_698_242_7831_20231004,2024,698,242,7831,   Variable Labour cost (MGK/VK),0.0,0.0,0.0,0.0,0.0,0.0,-705.8940361445784,0.0,0.0,-18823.840963855422,0.0,-19529.735,0.0,Inbound handling 1 HC
2024_698_242_7831_20231004,2024,698,242,7831,   Labour cost charge in/out from other PL,,,,0.0,0.0,,,,0.0,-27866.295,,-27866.295,0.0,"Line share from PL ENC(SMD bottom, pin checking, quality inspection)"
2024_698_242_7831_20231004,2024,698,242,7831,Variable Cost Center Cost w/o Labour cost,0.0,0.0,0.0,0.0,0.0,0.0,0.0,0.0,0.0,-107205.33162139212,-62133.850999999995,-107205.33162139212,0.0,
2024_698_242_7831_20231004,2024,698,242,7831,% of Sales,0.0,0.0,0.0,0.0,0.0,,,,,,,-0.053428169489286303,,
2024_698_242_7831_20231004,2024,698,242,7831,   thereof consumable tools,,,,0.0,0.0,,,,0.0,0.0,-62133.850999999995,,0.0,(Target) Technician labor cost included -15.7K EUR according to VT O guideline(2023 May)
2024_698_242_7831_20231004,2024,698,242,7831,   thereof operating supplies,,,,0.0,0.0,,,,0.0,-3480.0,,-3480.0,0.0,FF assumption for 1 line from May(May to Sep portion deducted or moved to Start up)
2024_698_242_7831_20231004,2024,698,242,7831,   thereof variable maintenance (w/o labour cost),,,,0.0,0.0,,,,0.0,-29659.085,,-29659.085,0.0,"FF assumption for 1 line(only 4Q), 1 technician compensation included here -14K EUR(only 4Q)"
2024_698_242_7831_20231004,2024,698,242,7831,   thereof utility / energy,,,,0.0,0.0,,,,0.0,-38067.942,,-38067.942,0.0,"Allocated based on occupied space in the production building(From May), 
Adjust the portion due to late SOP in 2024(3 month only)"
2024_698_242_7831_20231004,2024,698,242,7831,   thereof Logistic cost variable w/o compensation,0.0,0.0,0.0,0.0,0.0,0.0,0.0,0.0,0.0,-21639.69862139212,0.0,-21639.69862139212,0.0,
2024_698_242_7831_20231004,2024,698,242,7831,   thereof charges in/out from other PL,,,,0.0,0.0,,,,0.0,-14358.606,,-14358.606,0.0,"Line share from PL ENC(SMD bottom, pin checking, quality inspection)"
2024_698_242_7831_20231004,2024,698,242,7831,   thereof others,,,,0.0,0.0,,,,0.0,0.0,,,0.0,
2024_698_242_7831_20231004,2024,698,242,7831,Variations rework/spoilage/scrap,0.0,0.0,,0.0,0.0,,,,0.0,-3770.0,-9570.0,-3770.0,0.0,Given target from DIV(exclude start up scrap)
2024_698_242_7831_20231004,2024,698,242,7831,Replacement and adjustment of general warranty,0.0,0.0,,0.0,0.0,,,,0.0,-10032.66,,-10032.66,0.0,2023 ratio(0.5% of sales)
2024_698_242_7831_20231004,2024,698,242,7831,Variations due to start up cost,0.0,0.0,,0.0,,,,,0.0,-29628.0,-53160.0,-29628.0,0.0,"2 month's labor cost(pre-SOP, -7K EUR), pre SOP test material and scrap -6.6K EUR, after SOP -6.7K EUR
(Target) original target from DIV E is 12K EUR but PCIS SUC is 36.6K EUR, adjusted the target as PCIS figure according to the pre-alignment meeting result"
2024_698_242_7831_20231004,2024,698,242,7831,Others,-306.07800000000003,0.0,,0.0,,,,,0.0,0.13621639227494597,,0.13621639227494597,0.0,
2024_698_242_7831_20231004,2024,698,242,7831,Direct Debits / Credits to P&L,-306.07800000000003,0.0,0.0,0.0,0.0,0.0,0.0,0.0,0.0,-43430.52378360773,-62730.0,-43430.52378360773,0.0,
2024_698_242_7831_20231004,2024,698,242,7831,Total variable cost,-321.632,0.0,0.0,0.0,0.0,0.0,-3335.648493975903,0.0,,-1956617.098506024,,-1959952.747,0.0,
2024_698_242_7831_20231004,2024,698,242,7831,Marginal Contribution after Variations,-321.632,0.0,0.0,0.0,2006532.0,0.0,-3335.648493975903,0.0,,-1956617.1015060241,,46579.25,0.0,
2024_698_242_7831_20231004,2024,698,242,7831,in % of Sales,0.0,0.0,0.0,0.0,1.0,,,,,,,0.0232138087354906,,
2024_698_242_7831_20231004,2024,698,242,7831,Check,0.0,0.0,0.0,0.0,0.0,0.0,0.0,0.0,,0.0,-172611.0,0.0,,
2024_698_242_7851_20231010,2024,698,242,7851,Sales,50414410.312,133169528.691,1084255.523,132085273.168,53749816.29260086,,-3855985.423572126,,,6294247.151971281,188273351.189,188273351.189,0.4137870204967098,
2024_698_242_7851_20231010,2024,698,242,7851,Production Sales ,51564412.501,121329721.927,1084255.523,120245466.404,,,,,,,188273351.189,188273351.189,0.5517496306657468,
2024_698_242_7851_20231010,2024,698,242,7851,Material 3rd. Parties,-42277036.76729,-103385437.34388,0.0,-103385437.34388,-42070915.0,4413653.300000001,1914374.1065250635,0.0,,-14536593.021269886,,-153664917.9586248,0.48633039532932987,
2024_698_242_7851_20231010,2024,698,242,7851,Material 3rd Parties & ICO Material/Cost Purchaser in % of Sales,-0.8388130599084731,-0.7764288675511988,0.0,-0.7828023811736317,-0.7828023777970021,,,,,,,-0.9449399122875927,,
2024_698_242_7851_20231010,2024,698,242,7851,"   thereof Standard material 
   incl. subcontracting / cash discount (w/o ICO)",-42108261.70509,-105250056.00223,,-105250056.00223,-42829689.0,4413653.300000001,1914374.1065250635,,,-10522665.143919885,,-152274382.7396248,0.44678671464458364,All other 7.3M EUR is material cost of EPF4
2024_698_242_7851_20231010,2024,698,242,7851,   thereof Variances in Material,-80160.666,1939397.75,,1939397.75,789204.0,,,,,-2728601.75,,0.0,-1.0,
2024_698_242_7851_20231010,2024,698,242,7851,   thereof Material Usage,-83134.895,27261.0,,27261.0,11093.0,,,,,-38354.0,,0.0,-1.0,
2024_698_242_7851_20231010,2024,698,242,7851,   thereof Standard Supplier tooling,-5479.5012,-102040.09165,,-102040.09165,-41523.0,,,,,-1246972.12735,,-1390535.219,12.627341925265705,
2024_698_242_7851_20231010,2024,698,242,7851,   thereof OVC licences for embedded software,0.0,0.0,,0.0,0.0,,,,,0.0,,0.0,0.0,
2024_698_242_7851_20231010,2024,698,242,7851,ICO cost (Purchases) incl. value add sender,-11229.01,-11229.01,,-11229.01,-4569.0,-24226287.99,,,,0.0,,-24242086.0,2157.880079365857,Gap between ICO purchase and PE ICO
2024_698_242_7851_20231010,2024,698,242,7851,   thereof PE ICO,-1217.475,-1217.475,,-1217.475,-495.0,-6663473.525,,,,0.0,,-6665186.0,5473.597835684512,
2024_698_242_7851_20231010,2024,698,242,7851,Total Variable Labour cost,-1499991.205,-3647951.8431005236,0.0,-3647951.8431005236,-1484471.0,-2901429.6629999997,-219951.7629036146,0.0,0.0,1983675.2010041387,-5040033.9817147,-6270129.068000001,0.7188080703035806,
2024_698_242_7851_20231010,2024,698,242,7851,% of Sales,-0.029753223249404177,-0.027393292436778467,0.0,-0.02761815723741339,-0.027618159509958187,,,,,,,-0.033303327467229665,,
2024_698_242_7851_20231010,2024,698,242,7851,   Variable Labour cost (Production),-900834.688,-2388672.02,,-2388672.02,-972029.0,-2901429.6629999997,-184866.35783132538,,0.0,1332361.1408313252,-5040033.9817147,-5114635.9,1.1412047602918713,Structural change : Technician labor cost (917K EUR) goes to MDC from 2024
2024_698_242_7851_20231010,2024,698,242,7851,   Variable Labour cost (MGK/VK),-301330.921,-663628.631100524,0.0,-663628.631100524,-270052.0,0.0,-35085.40507228923,0.0,0.0,-1930.1708271867828,0.0,-970696.207,0.4627099578121767,
2024_698_242_7851_20231010,2024,698,242,7851,   Labour cost charge in/out from other PL,-297825.596,-595651.192,,-595651.192,-242390.0,,,,0.0,653244.231,,-184796.961,-0.6897564153619624,
2024_698_242_7851_20231010,2024,698,242,7851,Variable Cost Center Cost w/o Labour cost,-1381145.942,-3452578.092019463,-117750.53640516293,-3334827.5556143,-1357050.0,-752778.364014565,-131418.64257000003,102801.2,0.01888111967358397,-1459341.1510976872,-4490285.92876244,-6932614.513296551,1.0079529929594044,
2024_698_242_7851_20231010,2024,698,242,7851,% of Sales,-0.027395856332594053,-0.025926186913454163,-0.1086003565648085,-0.025247534987285936,-0.025247528151771746,,,,,,,-0.0368220699823693,,
2024_698_242_7851_20231010,2024,698,242,7851,   thereof consumable tools,-367.2,-367.2,,-367.2,-149.0,,,516.2,1.0,0.0,,0.0,-1.0,
2024_698_242_7851_20231010,2024,698,242,7851,   thereof operating supplies,-49160.766,-115674.004205568,,-115674.004205568,-47072.0,-380430.10863043205,-12787.154220999999,,0.0,0.04005700012203306,,-555963.227,3.8062936077839913,
2024_698_242_7851_20231010,2024,698,242,7851,   thereof variable maintenance (w/o labour cost),-157275.443,-370065.0281774407,,-370065.0281774407,-150592.0,-648438.337,-58887.910183,,0.0,-1332360.6456395595,-4490285.92876244,-2560343.921,5.918632472810571,Structural change : Technician labor cost (917K EUR) goes to MDC from 2024
2024_698_242_7851_20231010,2024,698,242,7851,   thereof utility / energy,-439591.199,-888088.904312551,,-888088.904312551,-361392.0,165494.63334986707,-57051.907900000006,,0.0,0.020862683886662126,,-1141038.158,0.284824247278769,"Occupied space increase, electricity price increase 5%"
2024_698_242_7851_20231010,2024,698,242,7851,   thereof Logistic cost variable w/o compensation,-654813.8740000001,-1918508.0353239032,-117750.53640516293,-1800757.4989187403,-732787.0,0.0,0.0,102285.0,0.04037229266888857,-126980.5663778116,0.0,-2558240.0652965517,0.3334528801515506,
2024_698_242_7851_20231010,2024,698,242,7851,   thereof charges in/out from other PL,-79937.46,-159874.92,,-159874.92,-65058.0,117629.848266,-2526.070266,,0.0,0.0,,-109829.142,-0.3130308243469332,
2024_698_242_7851_20231010,2024,698,242,7851,   thereof others,0.0,0.0,,0.0,0.0,-7034.4,-165.6,,0.0,0.0,,-7200.0,0.0,
2024_698_242_7851_20231010,2024,698,242,7851,Variations rework/spoilage/scrap,-184294.21,-878747.0,,-878747.0,-357591.0,,,,0.0,-1601075.65,-3050423.0,-2837413.65,2.228931250974399,"Scrap improvement by stabilization of production line (800V inverter), -643K EUR is due to HVD"
2024_698_242_7851_20231010,2024,698,242,7851,Replacement and adjustment of general warranty,-178413.932,-507144.628,,-507144.628,-206374.0,,,,0.0,-182934.37800000003,-909895.520185144,-896453.006,0.7676476423210776,0.5% of external sales
2024_698_242_7851_20231010,2024,698,242,7851,Variations due to start up cost,-107964.765,-922990.0,,-922990.0,,,,,0.0,-1047560.0,-1970550.0,-1970550.0,1.1349635424002429,-707K EUR will be moved to HVD
2024_698_242_7851_20231010,2024,698,242,7851,Others,0.06328999996185303,0.0,,0.0,,31453453.397921354,,,0.0,0.0,0.0,31453453.397921354,0.0,"ICO variable 12.1M, material cost 7.3M, line share LDC 168K, line share MDC 276K, supplier tooling 459K, scrap 447K, start up 707K, inbound cost 61K EUR"
2024_698_242_7851_20231010,2024,698,242,7851,Direct Debits / Credits to P&L,-470672.84371000004,-2308881.628,0.0,-2308881.628,-563965.0,31453453.397921354,0.0,0.0,0.0,-2831570.028,-5930868.520185145,25749036.741921354,-12.152168404677242,
2024_698_242_7851_20231010,2024,698,242,7851,Total variable cost,-45638858.293,-112804860.442,-117750.53640516293,-112687109.90559484,-45480475.0,14650084.20590679,1563003.701051449,102801.2,,-16843828.999363393,,-158695524.798,0.4068146015711376,
2024_698_242_7851_20231010,2024,698,242,7851,Marginal Contribution after Variations,4775552.019000001,20364668.248999998,966504.9865948372,19398163.262405157,8269341.292600863,14650084.20590679,-2292981.722520677,102801.2,,-10549581.847392112,,29577826.391000003,0.4524089481522693,
2024_698_242_7851_20231010,2024,698,242,7851,in % of Sales,0.09472593231668308,0.15292288295360096,0.8913996434351915,0.1468609088443382,0.15384873592096743,,,,,,,0.15710044041924986,,
2024_698_242_7851_20231010,2024,698,242,7851,Check,0.0,0.0,0.0,0.0,0.0,0.0,0.0,0.0,,-4.0978193283081055e-08,-15461188.430662286,0.0,,
