source,year,cu,outlet,plant,items,var_fix,"2023
june","2023
fc_7+5_ye_dec_","2023
fc_7+5_avg_","2024
jan","2024
feb","2024
mar","2024
apr","2024
may","2024
jun","2024
jul","2024
aug","2024
sep","2024
oct","2024
nov","2024
dec_ye","2024
avg_budget","avg_∆
vs_fc_7+5","avg_∆_
vs_fc_7+5_in_%_",comments
2024_698_219_7521_20231004,2024,698,219,7521,Sales,in '000 KRW,4188834.286,9886838.524,9886838.524,0.0,0.0,0.0,0.0,0.0,0.0,0.0,0.0,0.0,0.0,0.0,0,0,-9886838.524,-1.0,
2024_698_219_7521_20231004,2024,698,219,7521,Manufacturing operators,Variable,0.0,0.0,0.0,,,,,,,,,,,,0,0,0.0,0.0,
2024_698_219_7521_20231004,2024,698,219,7521,Manufacturing auxiliary heads,Variable,0.0,0.0,0.0,,,,,,,,,,,,0,0,0.0,0.0,
2024_698_219_7521_20231004,2024,698,219,7521,Material Management,Variable,0.0,0.0,0.0,,,,,,,,,,,,0,0,0.0,0.0,
2024_698_219_7521_20231004,2024,698,219,7521,Sales & Distribution,Variable,0.0,0.0,0.0,,,,,,,,,,,,0,0,0.0,0.0,
2024_698_219_7521_20231004,2024,698,219,7521,Total variable,,0.0,0.0,0.0,,,,,,,,,,,,0,0,0.0,0.0,
2024_698_219_7521_20231004,2024,698,219,7521,Production,Fix,0.0,0.0,0.0,0.0,0.0,0.0,0.0,0.0,0.0,0.0,0.0,0.0,0.0,0.0,0,0,0.0,0.0,
2024_698_219_7521_20231004,2024,698,219,7521,Material Management,Fix,0.0,0.0,0.0,0.0,0.0,0.0,0.0,0.0,0.0,0.0,0.0,0.0,0.0,0.0,0,0,0.0,0.0,
2024_698_219_7521_20231004,2024,698,219,7521,Plant Administration,Fix,0.0,0.0,0.0,0.0,0.0,0.0,0.0,0.0,0.0,0.0,0.0,0.0,0.0,0.0,0,0,0.0,0.0,
2024_698_219_7521_20231004,2024,698,219,7521,Sales & Distribution,Fix,0.0,0.0,0.0,0.0,0.0,0.0,0.0,0.0,0.0,0.0,0.0,0.0,0.0,0.0,0,0,0.0,0.0,
2024_698_219_7521_20231004,2024,698,219,7521,"R, D & E",Fix,0.0,0.0,0.0,0.0,0.0,0.0,0.0,0.0,0.0,0.0,0.0,0.0,0.0,0.0,0,0,0.0,0.0,
2024_698_219_7521_20231004,2024,698,219,7521,Central Management MGK/FGK/VK/FG&A,Fix,0.0,0.0,0.0,0.0,0.0,0.0,0.0,0.0,0.0,0.0,0.0,0.0,0.0,0.0,0,0,0.0,0.0,
2024_698_219_7521_20231004,2024,698,219,7521,Total fix,,0.0,0.0,0.0,0.0,0.0,0.0,0.0,0.0,0.0,0.0,0.0,0.0,0.0,0.0,0,0,0.0,0.0,
2024_698_219_7521_20231004,2024,698,219,7521,Total employees (own and leasing),,0.0,0.0,0.0,,,,,,,,,,,,0,0,0.0,0.0,
2024_698_219_7521_20231004,2024,698,219,7521,Central Functions (assessed),Variable,0.0,0.0,0.0,,,,,,,,,,,,0,0,0.0,0.0,
2024_698_219_7521_20231004,2024,698,219,7521,Central Functions (assessed),Fix,0.0,0.0,0.0,,,,,,,,,,,,0,0,0.0,0.0,
2024_698_219_7521_20231004,2024,698,219,7521,RACE variable,,0.0,0.0,0.0,,,,,,,,,,,,0,0,0.0,0.0,
2024_698_219_7521_20231004,2024,698,219,7521,RACE fix,,0.0,0.0,0.0,,,,,,,,,,,,0,0,0.0,0.0,
2024_698_219_7521_20231004,2024,698,219,7521,Check vs Race entry,,0.0,0.0,0.0,,,,,,,,,,,,0,0,,,
2024_698_219_7521_20231004,2024,698,219,7521,Compensation average variable per Employee (calc),,,,0.0,,,,,,,,,,,,,0,0.0,0.0,
2024_698_219_7521_20231004,2024,698,219,7521,Compensation average variable per DEF Employee (manual),,,,0.0,,,,,,,,,,,,,0,0.0,0.0,
2024_698_219_7521_20231004,2024,698,219,7521,Compensation average variable per HEF Employee (manual),,,,0.0,,,,,,,,,,,,,0,0.0,0.0,
2024_698_219_7521_20231004,2024,698,219,7521,Compensation average fix per Employee (manual),,,,0.0,,,,,,,,,,,,,0,0.0,0.0,
2024_698_219_7521_20231004,2024,698,219,7521,Effective attendance time/year (minutes),,,,,,,,,,,,,,,,,0,,,
2024_698_219_7521_20231004,2024,698,219,7521,TE minutes based on Budget Volume,,,,,,,,,,,,,,,,,0,,,
2024_698_219_7521_20231004,2024,698,219,7521,External Factors,,,,,,,,,,,,,,,,distributed,applied in budget,,,
2024_698_219_7521_20231004,2024,698,219,7521,Wage increase (var), in %,,,,,,,,,,,,,,,0,0,,,
2024_698_219_7521_20231004,2024,698,219,7521,Wage increase (fix), in %,,,,,,,,,,,,,,,0,0,,,
2024_698_219_7521_20231004,2024,698,219,7521,Wage increase (calc var own HC),in '000 KRW,,,,,,,,,,,,,,,0,0,,,
2024_698_219_7521_20231004,2024,698,219,7521,Wage increase (calc fix own HC),in '000 KRW,,,,,,,,,,,,,,,0,0,,,
2024_698_242_7311_20231004,2024,698,242,7311,Sales,in '000 KRW,3123008.246,5702323.424,5702323.424,239616.357,227471.816,250996.446,231479.058,248746.905,215150.191,273171.348,239471.793,196691.446,240463.057,259876.247,193674.384,2816809.048,-2885514.3759999997,-0.506024327532075,
2024_698_242_7311_20231004,2024,698,242,7311,Manufacturing operators,Variable,2.0,2.0,2.3333333333333335,,,,,,,,,,,,2,2,-0.3333333333333335,-0.1428571428571429,ACV Final Assembly Line : automation line with 2 operator 
2024_698_242_7311_20231004,2024,698,242,7311,Manufacturing auxiliary heads,Variable,1.0,1.0,1.0,,,,,,,,,,,,1,1,0.0,0.0,1 Shopfloor maintenance technician
2024_698_242_7311_20231004,2024,698,242,7311,Material Management,Variable,,,,,,,,,,,,,,,,,0.0,0.0,
2024_698_242_7311_20231004,2024,698,242,7311,Sales & Distribution,Variable,1.0,1.0,1.0,,,,,,,,,,,,1,1,0.0,0.0,1 SCM operator for outbound logistics
2024_698_242_7311_20231004,2024,698,242,7311,Total variable,,4.0,4.0,4.333333333333334,,,,,,,,,,,,4,4,-0.3333333333333339,-0.0769230769230771,
2024_698_242_7311_20231004,2024,698,242,7311,Production,Fix,0.0,0.0,0.3,,,,,,,,,,,,0,0,-0.3,-1.0,QMPP HC pooling since Apr.2023
2024_698_242_7311_20231004,2024,698,242,7311,Material Management,Fix,,,,,,,,,,,,,,,,0,0.0,0.0,
2024_698_242_7311_20231004,2024,698,242,7311,Plant Administration,Fix,,,,,,,,,,,,,,,,0,0.0,0.0,
2024_698_242_7311_20231004,2024,698,242,7311,Sales & Distribution,Fix,,,,,,,,,,,,,,,,0,0.0,0.0,
2024_698_242_7311_20231004,2024,698,242,7311,"R, D & E",Fix,,,,,,,,,,,,,,,,0,0.0,0.0,
2024_698_242_7311_20231004,2024,698,242,7311,Central Management MGK/FGK/VK/FG&A,Fix,,,,,,,,,,,,,,,,0,0.0,0.0,
2024_698_242_7311_20231004,2024,698,242,7311,Total fix,,0.0,0.0,0.3,0.0,0.0,0.0,0.0,0.0,0.0,0.0,0.0,0.0,0.0,0.0,0,0,-0.3,-1.0,
2024_698_242_7311_20231004,2024,698,242,7311,Total employees (own and leasing),,4.0,4.0,4.633333333333334,,,,,,,,,,,,4,4,-0.6333333333333337,-0.13669064748201443,
2024_698_242_7311_20231004,2024,698,242,7311,Central Functions (assessed),Variable,,,,,,,,,,,,,,,,,0.0,0.0,
2024_698_242_7311_20231004,2024,698,242,7311,Central Functions (assessed),Fix,2.0,2.0,2.0,,,,,,,,,,,,1,1,-1.0,-0.5,
2024_698_242_7311_20231004,2024,698,242,7311,RACE variable,,4.0,4.0,4.333333333333334,,,,,,,,,,,,3,4,-0.3333333333333339,-0.0769230769230771,
2024_698_242_7311_20231004,2024,698,242,7311,RACE fix,,2.0,2.0,2.3,,,,,,,,,,,,1,1,-1.2999999999999998,-0.5652173913043478,
2024_698_242_7311_20231004,2024,698,242,7311,Check vs Race entry,,0.0,0.0,0.0,,,,,,,,,,,,-1,0,,,
2024_698_242_7311_20231004,2024,698,242,7311,Compensation average variable per Employee (calc),,,,-100841.35984615382,,,,,,,,,,,,,-49955.63050000001,50885.729346153814,-0.5046116932951559,
2024_698_242_7311_20231004,2024,698,242,7311,Compensation average variable per DEF Employee (manual),,,,-66744.307,,,,,,,,,,,,,-69329.15,-2584.8429999999935,0.03872754271012191,
2024_698_242_7311_20231004,2024,698,242,7311,Compensation average variable per HEF Employee (manual),,,,-90425.968,,,,,,,,,,,,,-93949.058,-3523.090000000011,0.0389610426951692,
2024_698_242_7311_20231004,2024,698,242,7311,Compensation average fix per Employee (manual),,,,-132218.343,,,,,,,,,,,,,-137914.199,-5695.856,0.043079166405829206,
2024_698_242_7311_20231004,2024,698,242,7311,Effective attendance time/year (minutes),,,,,,,,,,,,,,,,,97223,,,
2024_698_242_7311_20231004,2024,698,242,7311,TE minutes based on Budget Volume,,,,,,,,,,,,,,,,,125204,,,
2024_698_242_7311_20231004,2024,698,242,7311,External Factors,,,,,,,,,,,,,,,,distributed,applied in budget,,,
2024_698_242_7311_20231004,2024,698,242,7311,Wage increase (var), in %,,,,,,,,,,,,,,,0.0375,0.0375,,,
2024_698_242_7311_20231004,2024,698,242,7311,Wage increase (fix), in %,,,,,,,,,,,,,,,0.0413,0.0413,,,
2024_698_242_7311_20231004,2024,698,242,7311,Wage increase (calc var own HC),in '000 KRW,,,,,,,,,,,,,,,7222.500795180735,7222.500795180735,,,
2024_698_242_7311_20231004,2024,698,242,7311,Wage increase (calc fix own HC),in '000 KRW,,,,,,,,,,,,,,,906.4491715163749,906.4491715163749,,,
2024_698_242_7322_20231004,2024,698,242,7322,Sales,in '000 KRW,0.0,0.0,0.0,450362.504,463230.007,522420.5,604772.496,643375.005,643375.005,643375.005,591904.993,656242.494,669109.997,669109.997,669109.994,7226387.997,7226387.997,0.0,
2024_698_242_7322_20231004,2024,698,242,7322,Manufacturing operators,Variable,,,,,,,,,,,,,,,3,3,3.0,0.0,"1 headcount per shift for SBW new line
In 2025, same HC will cover twice the volume with additional tester.
In 2026, it will be operated under full-automation concept except material handler"
2024_698_242_7322_20231004,2024,698,242,7322,Manufacturing auxiliary heads,Variable,,,,,,,,,,,,,,,1,0.75,0.75,0.0,1 Shopfloor technician
2024_698_242_7322_20231004,2024,698,242,7322,Material Management,Variable,,,,,,,,,,,,,,,,,0.0,0.0,
2024_698_242_7322_20231004,2024,698,242,7322,Sales & Distribution,Variable,,,,,,,,,,,,,,,1,1,1.0,0.0,1 SCM operator for outbound logistics
2024_698_242_7322_20231004,2024,698,242,7322,Total variable,,0.0,0.0,0.0,,,,,,,,,,,,5,4.75,4.75,0.0,
2024_698_242_7322_20231004,2024,698,242,7322,Production,Fix,,,,,,,,,,,,,,,0,0,0.0,0.0,QMPP HC pooling
2024_698_242_7322_20231004,2024,698,242,7322,Material Management,Fix,,,,,,,,,,,,,,,,0,0.0,0.0,
2024_698_242_7322_20231004,2024,698,242,7322,Plant Administration,Fix,,,,,,,,,,,,,,,,0,0.0,0.0,
2024_698_242_7322_20231004,2024,698,242,7322,Sales & Distribution,Fix,,,,,,,,,,,,,,,,0,0.0,0.0,
2024_698_242_7322_20231004,2024,698,242,7322,"R, D & E",Fix,,,,,,,,,,,,,,,,0,0.0,0.0,
2024_698_242_7322_20231004,2024,698,242,7322,Central Management MGK/FGK/VK/FG&A,Fix,,,,,,,,,,,,,,,,0,0.0,0.0,
2024_698_242_7322_20231004,2024,698,242,7322,Total fix,,0.0,0.0,0.0,0.0,0.0,0.0,0.0,0.0,0.0,0.0,0.0,0.0,0.0,0.0,0,0,0.0,0.0,
2024_698_242_7322_20231004,2024,698,242,7322,Total employees (own and leasing),,0.0,0.0,0.0,,,,,,,,,,,,5,4.75,4.75,0.0,
2024_698_242_7322_20231004,2024,698,242,7322,Central Functions (assessed),Variable,,,,,,,,,,,,,,,,,0.0,0.0,
2024_698_242_7322_20231004,2024,698,242,7322,Central Functions (assessed),Fix,,,,,,,,,,,,,,,2,2,2.0,0.0,
2024_698_242_7322_20231004,2024,698,242,7322,RACE variable,,0.0,0.0,,,,,,,,,,,,,5,4.75,4.75,0.0,
2024_698_242_7322_20231004,2024,698,242,7322,RACE fix,,0.0,0.0,,,,,,,,,,,,,2,2,2.0,0.0,
2024_698_242_7322_20231004,2024,698,242,7322,Check vs Race entry,,0.0,0.0,0.0,,,,,,,,,,,,0,0,,,
2024_698_242_7322_20231004,2024,698,242,7322,Compensation average variable per Employee (calc),,,,0.0,,,,,,,,,,,,,-70498.76905263159,-70498.76905263159,0.0,
2024_698_242_7322_20231004,2024,698,242,7322,Compensation average variable per DEF Employee (manual),,,,-66744.307,,,,,,,,,,,,,-69329.15,-2584.8429999999935,0.03872754271012191,
2024_698_242_7322_20231004,2024,698,242,7322,Compensation average variable per HEF Employee (manual),,,,-90425.968,,,,,,,,,,,,,-93949.058,-3523.090000000011,0.0389610426951692,
2024_698_242_7322_20231004,2024,698,242,7322,Compensation average fix per Employee (manual),,,,-132218.343,,,,,,,,,,,,,-137914.199,-5695.856,0.043079166405829206,
2024_698_242_7322_20231004,2024,698,242,7322,Effective attendance time/year (minutes),,,,,,,,,,,,,,,,,97223,,,
2024_698_242_7322_20231004,2024,698,242,7322,TE minutes based on Budget Volume,,,,,,,,,,,,,,,,,418232,,,
2024_698_242_7322_20231004,2024,698,242,7322,External Factors,,,,,,,,,,,,,,,,distributed,applied in budget,,,
2024_698_242_7322_20231004,2024,698,242,7322,Wage increase (var), in %,,,,,,,,,,,,,,,0.0375,0.0375,,,
2024_698_242_7322_20231004,2024,698,242,7322,Wage increase (fix), in %,,,,,,,,,,,,,,,0.0413,0.0413,,,
2024_698_242_7322_20231004,2024,698,242,7322,Wage increase (calc var own HC),in '000 KRW,,,,,,,,,,,,,,,12103.704325301223,12103.704325301223,,,
2024_698_242_7322_20231004,2024,698,242,7322,Wage increase (calc fix own HC),in '000 KRW,,,,,,,,,,,,,,,447.3681997503136,447.3681997503136,,,
2024_698_242_7411_20231004,2024,698,242,7411,Sales,in '000 KRW,15389114.475,34261065.686,34261065.686,2169948.016,2149581.119,2146145.674,2149656.387,2150972.394,2144959.969,2153840.23,2150989.135,2144945.073,2152066.88,2145594.542,2140897.794,25799597.213,-8461468.472999997,-0.24697038178989228,
2024_698_242_7411_20231004,2024,698,242,7411,Manufacturing operators,Variable,2.0,2.0,2.0,,,,,,,,,,,,2,2,0.0,0.0,
2024_698_242_7411_20231004,2024,698,242,7411,Manufacturing auxiliary heads,Variable,,,,,,,,,,,,,,,,,0.0,0.0,
2024_698_242_7411_20231004,2024,698,242,7411,Material Management,Variable,1.0,1.0,1.0,,,,,,,,,,,,1,1,0.0,0.0,
2024_698_242_7411_20231004,2024,698,242,7411,Sales & Distribution,Variable,1.0,1.0,1.0,,,,,,,,,,,,1,1,0.0,0.0,
2024_698_242_7411_20231004,2024,698,242,7411,Total variable,,4.0,4.0,4.0,,,,,,,,,,,,4,4,0.0,0.0,
2024_698_242_7411_20231004,2024,698,242,7411,Production,Fix,,,,,,,,,,,,,,,,0,0.0,0.0,
2024_698_242_7411_20231004,2024,698,242,7411,Material Management,Fix,,,,,,,,,,,,,,,,0,0.0,0.0,
2024_698_242_7411_20231004,2024,698,242,7411,Plant Administration,Fix,,,,,,,,,,,,,,,,0,0.0,0.0,
2024_698_242_7411_20231004,2024,698,242,7411,Sales & Distribution,Fix,,,,,,,,,,,,,,,,0,0.0,0.0,
2024_698_242_7411_20231004,2024,698,242,7411,"R, D & E",Fix,,,,,,,,,,,,,,,,0,0.0,0.0,
2024_698_242_7411_20231004,2024,698,242,7411,Central Management MGK/FGK/VK/FG&A,Fix,,,,,,,,,,,,,,,,0,0.0,0.0,
2024_698_242_7411_20231004,2024,698,242,7411,Total fix,,0.0,0.0,0.0,0.0,0.0,0.0,0.0,0.0,0.0,0.0,0.0,0.0,0.0,0.0,0,0,0.0,0.0,
2024_698_242_7411_20231004,2024,698,242,7411,Total employees (own and leasing),,4.0,4.0,4.0,,,,,,,,,,,,4,4,0.0,0.0,
2024_698_242_7411_20231004,2024,698,242,7411,Central Functions (assessed),Variable,,,,,,,,,,,,,,,,,0.0,0.0,
2024_698_242_7411_20231004,2024,698,242,7411,Central Functions (assessed),Fix,3.0,3.0,3.0,,,,,,,,,,,,3,3,0.0,0.0,
2024_698_242_7411_20231004,2024,698,242,7411,RACE variable,,4.0,4.0,4.0,,,,,,,,,,,,4,4,0.0,0.0,
2024_698_242_7411_20231004,2024,698,242,7411,RACE fix,,3.0,3.0,3.0,,,,,,,,,,,,3,3,0.0,0.0,
2024_698_242_7411_20231004,2024,698,242,7411,Check vs Race entry,,0.0,0.0,0.0,,,,,,,,,,,,0,0,,,
2024_698_242_7411_20231004,2024,698,242,7411,Compensation average variable per Employee (calc),,,,-89341.6259486136,,,,,,,,,,,,,-80482.2795,8859.346448613593,-0.0991625835610962,
2024_698_242_7411_20231004,2024,698,242,7411,Compensation average variable per DEF Employee (manual),,,,-66744.307,,,,,,,,,,,,,-69329.15,-2584.8429999999935,0.03872754271012191,
2024_698_242_7411_20231004,2024,698,242,7411,Compensation average variable per HEF Employee (manual),,,,-90425.968,,,,,,,,,,,,,-93949.058,-3523.090000000011,0.0389610426951692,
2024_698_242_7411_20231004,2024,698,242,7411,Compensation average fix per Employee (manual),,,,-132218.343,,,,,,,,,,,,,-137914.199,-5695.856,0.043079166405829206,
2024_698_242_7411_20231004,2024,698,242,7411,Effective attendance time/year (minutes),,,,,,,,,,,,,,,,,97223,,,
2024_698_242_7411_20231004,2024,698,242,7411,TE minutes based on Budget Volume,,,,,,,,,,,,,,,,,139888,,,
2024_698_242_7411_20231004,2024,698,242,7411,External Factors,,,,,,,,,,,,,,,,distributed,applied in budget,,,
2024_698_242_7411_20231004,2024,698,242,7411,Wage increase (var), in %,,,,,,,,,,,,,,,0.0375,0.0375,,,
2024_698_242_7411_20231004,2024,698,242,7411,Wage increase (fix), in %,,,,,,,,,,,,,,,0.0413,0.0413,,,
2024_698_242_7411_20231004,2024,698,242,7411,Wage increase (calc var own HC),in '000 KRW,,,,,,,,,,,,,,,11635.992216867511,11635.992216867511,,,
2024_698_242_7411_20231004,2024,698,242,7411,Wage increase (calc fix own HC),in '000 KRW,,,,,,,,,,,,,,,906.4491715163749,906.4491715163749,,,
2024_698_242_7431_20231004,2024,698,242,7431,Sales,in '000 KRW,158109287.106,240465891.805,240465891.805,9548461.86,9374082.409,9193049.692,9248919.816,7729960.368,7406830.652,7719697.007,7054393.652,6989887.473,6353954.68,6318773.301,6312133.479,93250144.389,-147215747.416,-0.6122105148092314,
2024_698_242_7431_20231004,2024,698,242,7431,Manufacturing operators,Variable,98.0,84.0,96.1666666666667,,,,,,,,,,,,39,61.0833333333333,-35.0833333333334,-0.36481802426343213,
2024_698_242_7431_20231004,2024,698,242,7431,Manufacturing auxiliary heads,Variable,46.0,28.0,31.5833333333333,,,,,,,,,,,,21,22.1666666666667,-9.4166666666666,-0.29815303430078977,
2024_698_242_7431_20231004,2024,698,242,7431,Material Management,Variable,13.0,14.0,13.916666666666666,,,,,,,,,,,,6,7.666666666666666,-6.25,-0.4491017964071856,
2024_698_242_7431_20231004,2024,698,242,7431,Sales & Distribution,Variable,6.0,7.0,6.666666666666666,,,,,,,,,,,,3,3.6666666666666665,-2.9999999999999996,-0.44999999999999996,
2024_698_242_7431_20231004,2024,698,242,7431,Total variable,,163.0,133.0,148.33333333333331,,,,,,,,,,,,69,94.58333333333334,-53.74999999999997,-0.3623595505617976,
2024_698_242_7431_20231004,2024,698,242,7431,Production,Fix,14.0,15.0,14.0,13.0,13.0,13.0,13.0,13.0,13.0,13.0,13.0,13.0,13.0,13.0,13,13,-1.0,-0.0714285714285714,FF Q 7 HC cost charge to MTC 352K based on portion
2024_698_242_7431_20231004,2024,698,242,7431,Material Management,Fix,,,,,,,,,,,,,,,,0,0.0,0.0,
2024_698_242_7431_20231004,2024,698,242,7431,Plant Administration,Fix,,,,,,,,,,,,,,,,0,0.0,0.0,
2024_698_242_7431_20231004,2024,698,242,7431,Sales & Distribution,Fix,,,,,,,,,,,,,,,,0,0.0,0.0,
2024_698_242_7431_20231004,2024,698,242,7431,"R, D & E",Fix,,,,,,,,,,,,,,,,0,0.0,0.0,
2024_698_242_7431_20231004,2024,698,242,7431,Central Management MGK/FGK/VK/FG&A,Fix,,,,,,,,,,,,,,,,0,0.0,0.0,
2024_698_242_7431_20231004,2024,698,242,7431,Total fix,,14.0,15.0,14.0,13.0,13.0,13.0,13.0,13.0,13.0,13.0,13.0,13.0,13.0,13.0,13,13,-1.0,-0.0714285714285714,
2024_698_242_7431_20231004,2024,698,242,7431,Total employees (own and leasing),,177.0,148.0,162.33333333333331,,,,,,,,,,,,82,107.58333333333334,-54.74999999999997,-0.33726899383983555,
2024_698_242_7431_20231004,2024,698,242,7431,Central Functions (assessed),Variable,,,,,,,,,,,,,,,,,0.0,0.0,
2024_698_242_7431_20231004,2024,698,242,7431,Central Functions (assessed),Fix,46.0,46.0,46.0,,,,,,,,,,,,24,3,-43.0,-0.9347826086956522,
2024_698_242_7431_20231004,2024,698,242,7431,RACE variable,,164.0,133.0,148.33333333333331,,,,,,,,,,,,69,94.58333333333334,-53.74999999999997,-0.3623595505617976,
2024_698_242_7431_20231004,2024,698,242,7431,RACE fix,,59.0,61.0,60.0,,,,,,,,,,,,37,16,-44.0,-0.7333333333333334,
2024_698_242_7431_20231004,2024,698,242,7431,Check vs Race entry,,0.0,0.0,0.0,,,,,,,,,,,,0,0,,,
2024_698_242_7431_20231004,2024,698,242,7431,Compensation average variable per Employee (calc),,,,-94740.5921760893,,,,,,,,,,,,,-61301.29996123347,33439.29221485583,-0.35295633526022296,
2024_698_242_7431_20231004,2024,698,242,7431,Compensation average variable per DEF Employee (manual),,,,-66744.307,,,,,,,,,,,,,-69329.15,-2584.8429999999935,0.03872754271012191,
2024_698_242_7431_20231004,2024,698,242,7431,Compensation average variable per HEF Employee (manual),,,,-90425.968,,,,,,,,,,,,,-93949.058,-3523.090000000011,0.0389610426951692,
2024_698_242_7431_20231004,2024,698,242,7431,Compensation average fix per Employee (manual),,,,-132218.343,,,,,,,,,,,,,-137914.199,-5695.856,0.043079166405829206,
2024_698_242_7431_20231004,2024,698,242,7431,Effective attendance time/year (minutes),,,,,,,,,,,,,,,,,97223,,,
2024_698_242_7431_20231004,2024,698,242,7431,TE minutes based on Budget Volume,,,,,,,,,,,,,,,,,139888,,,
2024_698_242_7431_20231004,2024,698,242,7431,External Factors,,,,,,,,,,,,,,,,distributed,applied in budget,,,
2024_698_242_7431_20231004,2024,698,242,7431,Wage increase (var), in %,,,,,,,,,,,,,,,0.0375,0.0375,,,
2024_698_242_7431_20231004,2024,698,242,7431,Wage increase (fix), in %,,,,,,,,,,,,,,,0.0413,0.0413,,,
2024_698_242_7431_20231004,2024,698,242,7431,Wage increase (calc var own HC),in '000 KRW,,,,,,,,,,,,,,,209569.20318072382,209569.20318072382,,,
2024_698_242_7431_20231004,2024,698,242,7431,Wage increase (calc fix own HC),in '000 KRW,,,,,,,,,,,,,,,97946.28965610312,97946.28965610312,,,
2024_698_242_7521_20231004,2024,698,242,7521,Sales,in '000 KRW,10156179.188,21211769.709,21211769.709,1739629.528,1739642.172,1695770.175,1739642.172,1783555.132,1664422.378,1798104.853,1753455.742,1575219.538,1798018.027,1753426.336,1530643.757,20571529.81,-640239.8990000002,-0.030183238257972977,
2024_698_242_7521_20231004,2024,698,242,7521,Manufacturing operators,Variable,21.0,21.0,20.2,,,,,,,,,,,,22,22,1.8000000000000007,0.08910891089108919,1 operator(quality inspector) is necessary due to the quality issues
2024_698_242_7521_20231004,2024,698,242,7521,Manufacturing auxiliary heads,Variable,0.0,0.0,0.0,,,,,,,,,,,,2,2,2.0,0.0,MES does not have assigned technicians. 2 Technicians who are dedicated to MES are necessary(OEE target is not met & production is below capacity during 2023 due to the lack of technicians)
2024_698_242_7521_20231004,2024,698,242,7521,Material Management,Variable,1.0,1.0,1.0,,,,,,,,,,,,1,1,0.0,0.0,
2024_698_242_7521_20231004,2024,698,242,7521,Sales & Distribution,Variable,1.0,1.0,1.0,,,,,,,,,,,,1,1,0.0,0.0,
2024_698_242_7521_20231004,2024,698,242,7521,Total variable,,23.0,23.0,22.2,,,,,,,,,,,,26,26,3.8000000000000007,0.1711711711711712,
2024_698_242_7521_20231004,2024,698,242,7521,Production,Fix,1.0,1.0,1.0,1.0,1.0,1.0,1.0,1.0,1.0,1.0,1.0,1.0,1.0,1.0,1,1,0.0,0.0,
2024_698_242_7521_20231004,2024,698,242,7521,Material Management,Fix,0.0,0.0,0.0,0.0,0.0,0.0,0.0,0.0,0.0,0.0,0.0,0.0,0.0,0.0,0,0,0.0,0.0,
2024_698_242_7521_20231004,2024,698,242,7521,Plant Administration,Fix,0.0,0.0,0.0,0.0,0.0,0.0,0.0,0.0,0.0,0.0,0.0,0.0,0.0,0.0,0,0,0.0,0.0,
2024_698_242_7521_20231004,2024,698,242,7521,Sales & Distribution,Fix,0.0,0.0,0.0,0.0,0.0,0.0,0.0,0.0,0.0,0.0,0.0,0.0,0.0,0.0,0,0,0.0,0.0,
2024_698_242_7521_20231004,2024,698,242,7521,"R, D & E",Fix,0.0,0.0,0.0,0.0,0.0,0.0,0.0,0.0,0.0,0.0,0.0,0.0,0.0,0.0,0,0,0.0,0.0,
2024_698_242_7521_20231004,2024,698,242,7521,Central Management MGK/FGK/VK/FG&A,Fix,0.0,0.0,0.0,0.0,0.0,0.0,0.0,0.0,0.0,0.0,0.0,0.0,0.0,0.0,0,0,0.0,0.0,
2024_698_242_7521_20231004,2024,698,242,7521,Total fix,,1.0,1.0,1.0,1.0,1.0,1.0,1.0,1.0,1.0,1.0,1.0,1.0,1.0,1.0,1,1,0.0,0.0,
2024_698_242_7521_20231004,2024,698,242,7521,Total employees (own and leasing),,24.0,24.0,23.2,,,,,,,,,,,,27,27,3.8000000000000007,0.1637931034482758,
2024_698_242_7521_20231004,2024,698,242,7521,Central Functions (assessed),Variable,0.0,0.0,0.0,,,,,,,,,,,,0,0,0.0,0.0,
2024_698_242_7521_20231004,2024,698,242,7521,Central Functions (assessed),Fix,3.0,4.0,4.0,,,,,,,,,,,,4,4,0.0,0.0,
2024_698_242_7521_20231004,2024,698,242,7521,RACE variable,,23.0,23.0,22.0,,,,,,,,,,,,26,26,4.0,0.18181818181818188,
2024_698_242_7521_20231004,2024,698,242,7521,RACE fix,,4.0,5.0,5.0,,,,,,,,,,,,5,5,0.0,0.0,
2024_698_242_7521_20231004,2024,698,242,7521,Check vs Race entry,,0.0,0.0,-0.1999999999999993,,,,,,,,,,,,0,0,,,
2024_698_242_7521_20231004,2024,698,242,7521,Compensation average variable per Employee (calc),,,,-60403.085188946454,,,,,,,,,,,,,-52618.89630769231,7784.188881254144,-0.1288707167341615,
2024_698_242_7521_20231004,2024,698,242,7521,Compensation average variable per DEF Employee (manual),,,,66744307.0,,,,,,,,,,,,,69329150,2584843.0,0.03872754271012213,
2024_698_242_7521_20231004,2024,698,242,7521,Compensation average variable per HEF Employee (manual),,,,90425968.0,,,,,,,,,,,,,93949058,3523090.0,0.0389610426951692,
2024_698_242_7521_20231004,2024,698,242,7521,Compensation average fix per Employee (manual),,,,132218343.0,,,,,,,,,,,,,137914199,5695856.0,0.043079166405829206,
2024_698_242_7521_20231004,2024,698,242,7521,Effective attendance time/year (minutes),,,,,,,,,,,,,,,,,97223,,,
2024_698_242_7521_20231004,2024,698,242,7521,TE minutes based on Budget Volume,,,,,,,,,,,,,,,,,2939829,,,
2024_698_242_7521_20231004,2024,698,242,7521,External Factors,,,,,,,,,,,,,,,,distributed,applied in budget,,,
2024_698_242_7521_20231004,2024,698,242,7521,Wage increase (var), in %,,,,,,,,,,,,,,,0.0375,0.0375,,,
2024_698_242_7521_20231004,2024,698,242,7521,Wage increase (fix), in %,,,,,,,,,,,,,,,0.0413,0.0413,,,
2024_698_242_7521_20231004,2024,698,242,7521,Wage increase (calc var own HC),in '000 KRW,,,,,,,,,,,,,,,49449.08327710861,49449.08327710861,,,
2024_698_242_7521_20231004,2024,698,242,7521,Wage increase (calc fix own HC),in '000 KRW,,,,,,,,,,,,,,,8592.642011332005,8592.642011332005,,,
2024_698_242_7721_20231004,2024,698,242,7721,Sales,in '000 KRW,0.0,0.0,0.0,0.0,0.0,0.0,0.0,0.0,13229675.677,12811501.942,11695056.969,10024334.545,11695056.969,11695056.969,15640092.21,86790775.281,86790775.281,0.0,
2024_698_242_7721_20231004,2024,698,242,7721,Manufacturing operators,Variable,6.0,11.0,5.67,,,,,,,,,,,,30,21.3333333333334,15.6633333333334,2.762492651381552,"without Line Leader, Material Handler, and Etc."
2024_698_242_7721_20231004,2024,698,242,7721,Manufacturing auxiliary heads,Variable,3.0,9.0,4.92,,,,,,,,,,,,35,32.5833333333333,27.6633333333333,5.622628726287256,"Line Leader, Material Handler, Technician, Repair, and Etc."
2024_698_242_7721_20231004,2024,698,242,7721,Material Management,Variable,,,,,,,,,,,,,,,9,7.249999999999966,7.249999999999966,0.0,
2024_698_242_7721_20231004,2024,698,242,7721,Sales & Distribution,Variable,,,,,,,,,,,,,,,5,3.3333333333333335,3.3333333333333335,0.0,
2024_698_242_7721_20231004,2024,698,242,7721,Total variable,,9.0,20.0,10.59,,,,,,,,,,,,79,64.5,53.91,5.090651558073654,
2024_698_242_7721_20231004,2024,698,242,7721,Production,Fix,2.0,2.0,1.5,3.0,3.0,3.0,3.0,3.0,3.0,5.0,5.0,5.0,5.0,5.0,5,4,2.5,1.6666666666666665,Considering project award(OVK and New Generation)
2024_698_242_7721_20231004,2024,698,242,7721,Material Management,Fix,,,,,,,,,,,,,,,,0,0.0,0.0,
2024_698_242_7721_20231004,2024,698,242,7721,Plant Administration,Fix,,,,,,,,,,,,,,,,0,0.0,0.0,
2024_698_242_7721_20231004,2024,698,242,7721,Sales & Distribution,Fix,,,,,,,,,,,,,,,,0,0.0,0.0,
2024_698_242_7721_20231004,2024,698,242,7721,"R, D & E",Fix,,,,,,,,,,,,,,,,0,0.0,0.0,
2024_698_242_7721_20231004,2024,698,242,7721,Central Management MGK/FGK/VK/FG&A,Fix,,,,,,,,,,,,,,,,0,0.0,0.0,
2024_698_242_7721_20231004,2024,698,242,7721,Total fix,,2.0,2.0,1.5,3.0,3.0,3.0,3.0,3.0,3.0,5.0,5.0,5.0,5.0,5.0,5,4,2.5,1.6666666666666665,
2024_698_242_7721_20231004,2024,698,242,7721,Total employees (own and leasing),,11.0,22.0,12.09,,,,,,,,,,,,84,68.5,56.41,4.665839536807279,
2024_698_242_7721_20231004,2024,698,242,7721,Central Functions (assessed),Variable,,,,,,,,,,,,,,,,,0.0,0.0,
2024_698_242_7721_20231004,2024,698,242,7721,Central Functions (assessed),Fix,1.0,4.0,1.0,,,,,,,,,,,,19,19,18.0,18.0,
2024_698_242_7721_20231004,2024,698,242,7721,RACE variable,,6.0,20.0,10.59,,,,,,,,,,,,79,64.5,53.91,5.090651558073654,
2024_698_242_7721_20231004,2024,698,242,7721,RACE fix,,6.0,6.0,2.5,,,,,,,,,,,,24,23,20.5,8.2,
2024_698_242_7721_20231004,2024,698,242,7721,Check vs Race entry,,0.0,0.0,0.0,,,,,,,,,,,,0,0,,,
2024_698_242_7721_20231004,2024,698,242,7721,Compensation average variable per Employee (calc),,,,0.0,,,,,,,,,,,,,-41897.71688372093,-41897.71688372093,0.0,
2024_698_242_7721_20231004,2024,698,242,7721,Compensation average variable per DEF Employee (manual),,,,-66744.307,,,,,,,,,,,,,-69329.15,-2584.8429999999935,0.03872754271012191,
2024_698_242_7721_20231004,2024,698,242,7721,Compensation average variable per HEF Employee (manual),,,,-90425.968,,,,,,,,,,,,,-93949.058,-3523.090000000011,0.0389610426951692,
2024_698_242_7721_20231004,2024,698,242,7721,Compensation average fix per Employee (manual),,,,-132218.343,,,,,,,,,,,,,-137914.199,-5695.856,0.043079166405829206,
2024_698_242_7721_20231004,2024,698,242,7721,Effective attendance time/year (minutes),,,,,,,,,,,,,,,,,97223,,,
2024_698_242_7721_20231004,2024,698,242,7721,TE minutes based on Budget Volume,,,,,,,,,,,,,,,,,979732.6049999997,,,
2024_698_242_7721_20231004,2024,698,242,7721,External Factors,,,,,,,,,,,,,,,,distributed,applied in budget,,,
2024_698_242_7721_20231004,2024,698,242,7721,Wage increase (var), in %,,,,,,,,,,,,,,,0.0375,0.0375,,,
2024_698_242_7721_20231004,2024,698,242,7721,Wage increase (fix), in %,,,,,,,,,,,,,,,0.0413,0.0413,,,
2024_698_242_7721_20231004,2024,698,242,7721,Wage increase (calc var own HC),in '000 KRW,,,,,,,,,,,,,,,97677.20743373502,97677.20743373502,,,
2024_698_242_7721_20231004,2024,698,242,7721,Wage increase (calc fix own HC),in '000 KRW,,,,,,,,,,,,,,,31387.09995111893,31387.09995111893,,,
2024_698_242_7811_20231004,2024,698,242,7811,Sales,in '000 KRW,125597001.382,280012227.841,280012227.841,25738910.356,23847645.328,25090643.375,25755483.578,25851287.981,23719958.163,27133302.841,24617703.082,21549762.941,24856645.694,25299974.764,26059573.021,299520891.124,19508663.282999992,0.06967075485745444,
2024_698_242_7811_20231004,2024,698,242,7811,Manufacturing operators,Variable,78.5,92.5,88.0,,,,,,,,,,,,98,96,8.0,0.09090909090909083,7 HC increase in manufacturing variable due to qty increase 9.8%
2024_698_242_7811_20231004,2024,698,242,7811,Manufacturing auxiliary heads,Variable,32.5,32.5,33.0,,,,,,,,,,,,35,34,1.0,0.030303030303030276,"1 repair HC in 2nd half of 2023, 2 maintenance technician hiring in 2024 due to SIM3K 643 BE line increase(7 lines to 9 lines, MDC)"
2024_698_242_7811_20231004,2024,698,242,7811,Material Management,Variable,9.0,10.0,9.3,,,,,,,,,,,,8,9.7,0.3999999999999986,0.04301075268817178,
2024_698_242_7811_20231004,2024,698,242,7811,Sales & Distribution,Variable,5.0,5.0,5.2,,,,,,,,,,,,5,5,-0.20000000000000018,-0.03846153846153855,
2024_698_242_7811_20231004,2024,698,242,7811,Total variable,,125.0,140.0,135.5,,,,,,,,,,,,146,144.7,9.199999999999989,0.06789667896678964,
2024_698_242_7811_20231004,2024,698,242,7811,Production,Fix,12.0,14.0,11.71,15.0,15.0,15.0,15.0,16.0,16.0,16.0,16.0,16.0,16.0,16.0,16,15.666666666666666,3.956666666666665,0.3378878451465983,"2 HC in FF1Q customer engineer, line engineer-> 1 in Jan(E88/SIM3K-643), 1 in Jun(EMR4)., 2HC impact due to FFQ org. change from 2023 Apr."
2024_698_242_7811_20231004,2024,698,242,7811,Material Management,Fix,,,,,,,,,,,,,,,,0,0.0,0.0,
2024_698_242_7811_20231004,2024,698,242,7811,Plant Administration,Fix,,,,,,,,,,,,,,,,0,0.0,0.0,
2024_698_242_7811_20231004,2024,698,242,7811,Sales & Distribution,Fix,,,,,,,,,,,,,,,,0,0.0,0.0,
2024_698_242_7811_20231004,2024,698,242,7811,"R, D & E",Fix,,,,,,,,,,,,,,,,0,0.0,0.0,
2024_698_242_7811_20231004,2024,698,242,7811,Central Management MGK/FGK/VK/FG&A,Fix,,,,,,,,,,,,,,,,0,0.0,0.0,
2024_698_242_7811_20231004,2024,698,242,7811,Total fix,,12.0,14.0,11.71,15.0,15.0,15.0,15.0,16.0,16.0,16.0,16.0,16.0,16.0,16.0,16,15.666666666666666,3.956666666666665,0.3378878451465983,
2024_698_242_7811_20231004,2024,698,242,7811,Total employees (own and leasing),,137.0,154.0,147.21,,,,,,,,,,,,162,160.36666666666665,13.156666666666638,0.0893734574191063,
2024_698_242_7811_20231004,2024,698,242,7811,Central Functions (assessed),Variable,0.0,0.0,0.0,,,,,,,,,,,,0,0,0.0,0.0,
2024_698_242_7811_20231004,2024,698,242,7811,Central Functions (assessed),Fix,36.0,36.0,36.0,,,,,,,,,,,,45,45,9.0,0.25,"Due to the close 2 outlets of CM and allocation portion increase(20% to 26%), CF HC increase"
2024_698_242_7811_20231004,2024,698,242,7811,RACE variable,,125.0,140.0,135.0,,,,,,,,,,,,146,144,9.0,0.06666666666666665,
2024_698_242_7811_20231004,2024,698,242,7811,RACE fix,,48.0,50.0,48.0,,,,,,,,,,,,61,61,13.0,0.27083333333333326,
2024_698_242_7811_20231004,2024,698,242,7811,Check vs Race entry,,0.0,0.0,-0.21000000000000796,,,,,,,,,,,,0,-0.3666666666666458,,,
2024_698_242_7811_20231004,2024,698,242,7811,Compensation average variable per Employee (calc),,,,-61778.19083862246,,,,,,,,,,,,,-66182.85385951067,-4404.663020888205,0.07129802542120567,
2024_698_242_7811_20231004,2024,698,242,7811,Compensation average variable per DEF Employee (manual),,,,-66744.307,,,,,,,,,,,,,-69329.15,-2584.8429999999935,0.03872754271012191,"Plant total figure, E01-297(around 4.6K EUR) posted under fix cost area not variable(employee benefit program, present for employee, medical exam, sick and health care, shuttle bus)"
2024_698_242_7811_20231004,2024,698,242,7811,Compensation average variable per HEF Employee (manual),,,,-90425.968,,,,,,,,,,,,,-93949.058,-3523.090000000011,0.0389610426951692,"Plant total figure, E01-297(around 4.6K EUR) posted under fix cost area not variable(employee benefit program, present for employee, medical exam, sick and health care, shuttle bus)"
2024_698_242_7811_20231004,2024,698,242,7811,Compensation average fix per Employee (manual),,,,-132218.343,,,,,,,,,,,,,-137914.199,-5695.856,0.043079166405829206,Plant total figure
2024_698_242_7811_20231004,2024,698,242,7811,Effective attendance time/year (minutes),,,,,,,,,,,,,,,,,97223,,,
2024_698_242_7811_20231004,2024,698,242,7811,TE minutes based on Budget Volume,,,,,,,,,,,,,,,,,8620656,,,
2024_698_242_7811_20231004,2024,698,242,7811,External Factors,,,,,,,,,,,,,,,,distributed,applied in budget,,,
2024_698_242_7811_20231004,2024,698,242,7811,Wage increase (var), in %,,,,,,,,,,,,,,,0.0375,0.0375,,,
2024_698_242_7811_20231004,2024,698,242,7811,Wage increase (fix), in %,,,,,,,,,,,,,,,0.0413,0.0413,,,
2024_698_242_7811_20231004,2024,698,242,7811,Wage increase (calc var own HC),in '000 KRW,,,,,,,,,,,,,,,303085.57532530185,303085.57532530185,,,
2024_698_242_7811_20231004,2024,698,242,7811,Wage increase (calc fix own HC),in '000 KRW,,,,,,,,,,,,,,,126269.63904071879,126269.63904071879,,,
2024_698_242_7821_20231004,2024,698,242,7821,Sales,in '000 KRW,78052717.703,140545930.374,140545930.374,11127901.29,10434389.29,11994791.29,11697014.333,10596707.133,10596707.133,10596707.133,9729817.134,9764157.288,10061934.243,10408690.243,10408690.246,127417506.756,-13128423.618000016,-0.09341020108561382,
2024_698_242_7821_20231004,2024,698,242,7821,Manufacturing operators,Variable,36.0,40.0,37.0,,,,,,,,,,,,36,36,-1.0,-0.027027027027026973,HC -1 due to cc31004 transfers to ENC.
2024_698_242_7821_20231004,2024,698,242,7821,Manufacturing auxiliary heads,Variable,9.0,9.0,9.0,,,,,,,,,,,,10,10,1.0,0.11111111111111116,SMD Technician +1
2024_698_242_7821_20231004,2024,698,242,7821,Material Management,Variable,3.0,3.0,3.0,,,,,,,,,,,,2,2,-1.0,-0.33333333333333337,
2024_698_242_7821_20231004,2024,698,242,7821,Sales & Distribution,Variable,2.0,1.0,1.6,,,,,,,,,,,,2,2,0.3999999999999999,0.25,
2024_698_242_7821_20231004,2024,698,242,7821,Total variable,,50.0,53.0,50.6,,,,,,,,,,,,50,50,-0.6000000000000014,-0.011857707509881465,
2024_698_242_7821_20231004,2024,698,242,7821,Production,Fix,2.0,2.0,2.0,2.0,2.0,2.0,2.0,2.0,2.0,2.0,2.0,2.0,2.0,2.0,2,2,0.0,0.0,
2024_698_242_7821_20231004,2024,698,242,7821,Material Management,Fix,,,,,,,,,,,,,,,,0,0.0,0.0,
2024_698_242_7821_20231004,2024,698,242,7821,Plant Administration,Fix,,,,,,,,,,,,,,,,0,0.0,0.0,
2024_698_242_7821_20231004,2024,698,242,7821,Sales & Distribution,Fix,,,,,,,,,,,,,,,,0,0.0,0.0,
2024_698_242_7821_20231004,2024,698,242,7821,"R, D & E",Fix,,,,,,,,,,,,,,,,0,0.0,0.0,
2024_698_242_7821_20231004,2024,698,242,7821,Central Management MGK/FGK/VK/FG&A,Fix,,,,,,,,,,,,,,,,0,0.0,0.0,
2024_698_242_7821_20231004,2024,698,242,7821,Total fix,,2.0,2.0,2.0,2.0,2.0,2.0,2.0,2.0,2.0,2.0,2.0,2.0,2.0,2.0,2,2,0.0,0.0,
2024_698_242_7821_20231004,2024,698,242,7821,Total employees (own and leasing),,52.0,55.0,52.6,,,,,,,,,,,,52,52,-0.6000000000000014,-0.011406844106463865,
2024_698_242_7821_20231004,2024,698,242,7821,Central Functions (assessed),Variable,0.0,0.0,0.0,,,,,,,,,,,,0,0,0.0,0.0,
2024_698_242_7821_20231004,2024,698,242,7821,Central Functions (assessed),Fix,21.0,22.0,22.0,,,,,,,,,,,,21,21,-1.0,-0.045454545454545414,
2024_698_242_7821_20231004,2024,698,242,7821,RACE variable,,50.0,53.0,52.5,,,,,,,,,,,,50,52,-0.5,-0.00952380952380949,
2024_698_242_7821_20231004,2024,698,242,7821,RACE fix,,23.0,24.0,22.0,,,,,,,,,,,,23,21,-1.0,-0.045454545454545414,
2024_698_242_7821_20231004,2024,698,242,7821,Check vs Race entry,,0.0,0.0,-0.10000000000000142,,,,,,,,,,,,0,0,,,
2024_698_242_7821_20231004,2024,698,242,7821,Compensation average variable per Employee (calc),,,,-83012.77816878076,,,,,,,,,,,,,-69805.07827272726,13207.699896053498,-0.15910441967379685,
2024_698_242_7821_20231004,2024,698,242,7821,Compensation average variable per DEF Employee (manual),,,,66744.307,,,,,,,,,,,,,69329.15,2584.8429999999935,0.03872754271012191,"Plant total figure, E01-297(around 4.6K EUR) posted under fix cost area not variable(employee benefit program, present for employee, medical exam, sick and health care, shuttle bus)"
2024_698_242_7821_20231004,2024,698,242,7821,Compensation average variable per HEF Employee (manual),,,,90425.968,,,,,,,,,,,,,93949.058,3523.090000000011,0.0389610426951692,"Plant total figure, E01-297(around 4.6K EUR) posted under fix cost area not variable(employee benefit program, present for employee, medical exam, sick and health care, shuttle bus)"
2024_698_242_7821_20231004,2024,698,242,7821,Compensation average fix per Employee (manual),,,,132218.343,,,,,,,,,,,,,137914.199,5695.856,0.043079166405829206,Plant total figure
2024_698_242_7821_20231004,2024,698,242,7821,Effective attendance time/year (minutes),,,,,,,,,,,,,,,,,97223,,,Include overtime
2024_698_242_7821_20231004,2024,698,242,7821,TE minutes based on Budget Volume,,,,,,,,,,,,,,,,,8620656,,,
2024_698_242_7821_20231004,2024,698,242,7821,External Factors,,,,,,,,,,,,,,,,distributed,applied in budget,,,
2024_698_242_7821_20231004,2024,698,242,7821,Wage increase (var), in %,,,,,,,,,,,,,,,0.0375,0.0375,,,
2024_698_242_7821_20231004,2024,698,242,7821,Wage increase (fix), in %,,,,,,,,,,,,,,,0.0413,0.0413,,,
2024_698_242_7821_20231004,2024,698,242,7821,Wage increase (calc var own HC),in '000 KRW,,,,,,,,,,,,,,,111015.30520481942,111015.30520481942,,,
2024_698_242_7821_20231004,2024,698,242,7821,Wage increase (calc fix own HC),in '000 KRW,,,,,,,,,,,,,,,24510.293033131748,24510.293033131748,,,
2024_698_242_7831_20231004,2024,698,242,7831,Sales,in '000 KRW,0.0,0.0,0.0,0.0,0.0,0.0,0.0,0.0,0.0,0.0,0.0,0.0,304019.999,851255.999,851255.999,2006531.997,2006531.997,0.0,
2024_698_242_7831_20231004,2024,698,242,7831,Manufacturing operators,Variable,,,,,,,,,,,,,,,3,1.5,1.5,0.0,"1 Operator will be hired in Aug. to production setup and sample production, 2 more HC will come from Oct."
2024_698_242_7831_20231004,2024,698,242,7831,Manufacturing auxiliary heads,Variable,,,,,,,,,,,,,,,2,0.6,0.6,0.0,"1 material handler(in line), 1 technician will come from Oct."
2024_698_242_7831_20231004,2024,698,242,7831,Material Management,Variable,,,,,,,,,,,,,,,1,0.4,0.4,0.0,SCM inbound handling HC from Aug.
2024_698_242_7831_20231004,2024,698,242,7831,Sales & Distribution,Variable,,,,,,,,,,,,,,,0,,0.0,0.0,
2024_698_242_7831_20231004,2024,698,242,7831,Total variable,,0.0,0.0,0.0,,,,,,,,,,,,6,2.5,2.5,0.0,
2024_698_242_7831_20231004,2024,698,242,7831,Production,Fix,,,,1.0,1.0,1.0,1.0,1.0,1.0,1.0,1.0,1.0,1.0,1.0,1,1,1.0,0.0,1 NPL will be placed in Jan.
2024_698_242_7831_20231004,2024,698,242,7831,Material Management,Fix,,,,,,,,,,,,,,,,0,0.0,0.0,
2024_698_242_7831_20231004,2024,698,242,7831,Plant Administration,Fix,,,,,,,,,,,,,,,,0,0.0,0.0,
2024_698_242_7831_20231004,2024,698,242,7831,Sales & Distribution,Fix,,,,,,,,,,,,,,,,0,0.0,0.0,
2024_698_242_7831_20231004,2024,698,242,7831,"R, D & E",Fix,,,,,,,,,,,,,,,,0,0.0,0.0,
2024_698_242_7831_20231004,2024,698,242,7831,Central Management MGK/FGK/VK/FG&A,Fix,,,,,,,,,,,,,,,,0,0.0,0.0,
2024_698_242_7831_20231004,2024,698,242,7831,Total fix,,0.0,0.0,0.0,1.0,1.0,1.0,1.0,1.0,1.0,1.0,1.0,1.0,1.0,1.0,1,1,1.0,0.0,
2024_698_242_7831_20231004,2024,698,242,7831,Total employees (own and leasing),,0.0,0.0,0.0,,,,,,,,,,,,7,3.5,3.5,0.0,
2024_698_242_7831_20231004,2024,698,242,7831,Central Functions (assessed),Variable,,,,,,,,,,,,,,,,,0.0,0.0,
2024_698_242_7831_20231004,2024,698,242,7831,Central Functions (assessed),Fix,1.0,1.0,1.0,,,,,,,,,,,,1,1,0.0,0.0,
2024_698_242_7831_20231004,2024,698,242,7831,RACE variable,,0.0,0.0,0.0,,,,,,,,,,,,6,2.5,2.5,0.0,
2024_698_242_7831_20231004,2024,698,242,7831,RACE fix,,1.0,1.0,1.0,,,,,,,,,,,,2,2,1.0,1.0,
2024_698_242_7831_20231004,2024,698,242,7831,Check vs Race entry,,0.0,0.0,0.0,,,,,,,,,,,,0,0,,,
2024_698_242_7831_20231004,2024,698,242,7831,Compensation average variable per Employee (calc),,,,0.0,,,,,,,,,,,,,-53401.14222222222,-53401.14222222222,0.0,
2024_698_242_7831_20231004,2024,698,242,7831,Compensation average variable per DEF Employee (manual),,,,-66744.307,,,,,,,,,,,,,-69329.15,-2584.8429999999935,0.03872754271012191,
2024_698_242_7831_20231004,2024,698,242,7831,Compensation average variable per HEF Employee (manual),,,,-90425.968,,,,,,,,,,,,,-93949.058,-3523.090000000011,0.0389610426951692,
2024_698_242_7831_20231004,2024,698,242,7831,Compensation average fix per Employee (manual),,,,-132218.343,,,,,,,,,,,,,-137914.199,-5695.856,0.043079166405829206,
2024_698_242_7831_20231004,2024,698,242,7831,Effective attendance time/year (minutes),,,,,,,,,,,,,,,,,97223,,,
2024_698_242_7831_20231004,2024,698,242,7831,TE minutes based on Budget Volume,,,,,,,,,,,,,,,,,110418,,,
2024_698_242_7831_20231004,2024,698,242,7831,External Factors,,,,,,,,,,,,,,,,distributed,applied in budget,,,
2024_698_242_7831_20231004,2024,698,242,7831,Wage increase (var), in %,,,,,,,,,,,,,,,0.0375,0.0375,,,
2024_698_242_7831_20231004,2024,698,242,7831,Wage increase (fix), in %,,,,,,,,,,,,,,,0.0413,0.0413,,,
2024_698_242_7831_20231004,2024,698,242,7831,Wage increase (calc var own HC),in '000 KRW,,,,,,,,,,,,,,,4342.8639759036305,4342.8639759036305,,,
2024_698_242_7831_20231004,2024,698,242,7831,Wage increase (calc fix own HC),in '000 KRW,,,,,,,,,,,,,,,5200.01874762318,5200.01874762318,,,
2024_698_242_7851_20231010,2024,698,242,7851,Sales,in '000 KRW,50414410.312,133169528.691,133169528.691,15924993.796,14138873.407,15464984.203,16060070.305,16393335.776,15267090.88,17520240.607,13577475.045,14709743.471,16405514.567,16405514.567,16405514.565,188273351.189,55103822.49800001,0.4137870204967098,
2024_698_242_7851_20231010,2024,698,242,7851,Manufacturing operators,Variable,23.0,54.0,36.6,,,,,,,,,,,,80,79.3,42.699999999999996,1.1666666666666665,"SMD 20, operator 57, Sample application 3"
2024_698_242_7851_20231010,2024,698,242,7851,Manufacturing auxiliary heads,Variable,5.0,7.0,3.8,,,,,,,,,,,,18,17.5,13.7,3.605263157894737,"SMD technician 3, Repair 4, Technician 11"
2024_698_242_7851_20231010,2024,698,242,7851,Material Management,Variable,5.0,6.0,3.3,,,,,,,,,,,,6,4.3,1.0,0.303030303030303,Int. WH 3 & Rec. WH
2024_698_242_7851_20231010,2024,698,242,7851,Sales & Distribution,Variable,2.0,3.0,3.0,,,,,,,,,,,,3,3.8,0.7999999999999998,0.2666666666666666,Ship WH
2024_698_242_7851_20231010,2024,698,242,7851,Total variable,,35.0,70.0,46.699999999999996,,,,,,,,,,,,107,104.89999999999999,58.199999999999996,1.246252676659529,
2024_698_242_7851_20231010,2024,698,242,7851,Production,Fix,6.0,5.0,5.2,6.0,6.0,6.0,6.0,6.0,6.0,6.0,6.0,6.0,6.0,6.0,6,6,0.7999999999999998,0.15384615384615374,Industrial engineering 1 HC
2024_698_242_7851_20231010,2024,698,242,7851,Material Management,Fix,,,,,,,,,,,,,,,,0,0.0,0.0,
2024_698_242_7851_20231010,2024,698,242,7851,Plant Administration,Fix,,,,,,,,,,,,,,,,0,0.0,0.0,
2024_698_242_7851_20231010,2024,698,242,7851,Sales & Distribution,Fix,,,,,,,,,,,,,,,,0,0.0,0.0,
2024_698_242_7851_20231010,2024,698,242,7851,"R, D & E",Fix,,,,,,,,,,,,,,,,0,0.0,0.0,
2024_698_242_7851_20231010,2024,698,242,7851,Central Management MGK/FGK/VK/FG&A,Fix,,,,,,,,,,,,,,,,0,0.0,0.0,
2024_698_242_7851_20231010,2024,698,242,7851,Total fix,,6.0,5.0,5.2,6.0,6.0,6.0,6.0,6.0,6.0,6.0,6.0,6.0,6.0,6.0,6,6,0.7999999999999998,0.15384615384615374,
2024_698_242_7851_20231010,2024,698,242,7851,Total employees (own and leasing),,41.0,75.0,51.9,,,,,,,,,,,,113,110.89999999999999,58.99999999999999,1.1368015414258186,
2024_698_242_7851_20231010,2024,698,242,7851,Central Functions (assessed),Variable,0.0,0.0,0.0,,,,,,,,,,,,0,0,0.0,0.0,
2024_698_242_7851_20231010,2024,698,242,7851,Central Functions (assessed),Fix,22.0,22.0,22.0,,,,,,,,,,,,31,31,9.0,0.40909090909090917,
2024_698_242_7851_20231010,2024,698,242,7851,RACE variable,,35.0,70.0,47.0,,,,,,,,,,,,107,104.89999999999999,57.89999999999999,1.231914893617021,
2024_698_242_7851_20231010,2024,698,242,7851,RACE fix,,28.0,27.0,27.0,,,,,,,,,,,,37,37,10.0,0.37037037037037046,
2024_698_242_7851_20231010,2024,698,242,7851,Check vs Race entry,,0.0,0.0,0.10000000000000142,,,,,,,,,,,,0,0,,,
2024_698_242_7851_20231010,2024,698,242,7851,Compensation average variable per Employee (calc),,,,-78114.6004946579,,,,,,,,,,,,,-68079.5772855592,10035.023209098712,-0.12846539757679465,
2024_698_242_7851_20231010,2024,698,242,7851,Compensation average variable per DEF Employee (manual),,,,66744.307,,,,,,,,,,,,,69329.15,2584.8429999999935,0.03872754271012191,"Plant total figure, E01-297(around 4.6K EUR) posted under fix cost area not variable(employee benefit program, present for employee, medical exam, sick and health care, shuttle bus)"
2024_698_242_7851_20231010,2024,698,242,7851,Compensation average variable per HEF Employee (manual),,,,90425.968,,,,,,,,,,,,,93949.058,3523.090000000011,0.0389610426951692,"Plant total figure, E01-297(around 4.6K EUR) posted under fix cost area not variable(employee benefit program, present for employee, medical exam, sick and health care, shuttle bus)"
2024_698_242_7851_20231010,2024,698,242,7851,Compensation average fix per Employee (manual),,,,132218.343,,,,,,,,,,,,,137914.199,5695.856,0.043079166405829206,Plant total figure
2024_698_242_7851_20231010,2024,698,242,7851,Effective attendance time/year (minutes),,,,,,,,,,,,,,,,,97223,,,Include overtime
2024_698_242_7851_20231010,2024,698,242,7851,TE minutes based on Budget Volume,,,,,,,,,,,,,,,,,8620656,,,
2024_698_242_7851_20231010,2024,698,242,7851,External Factors,,,,,,,,,,,,,,,,distributed,applied in budget,,,
2024_698_242_7851_20231010,2024,698,242,7851,Wage increase (var), in %,,,,,,,,,,,,,,,0.0375,0.0375,,,
2024_698_242_7851_20231010,2024,698,242,7851,Wage increase (fix), in %,,,,,,,,,,,,,,,0.0413,0.0413,,,
2024_698_242_7851_20231010,2024,698,242,7851,Wage increase (calc var own HC),in '000 KRW,,,,,,,,,,,,,,,226631.17113253102,226631.17113253102,,,
2024_698_242_7851_20231010,2024,698,242,7851,Wage increase (calc fix own HC),in '000 KRW,,,,,,,,,,,,,,,62473.834001536714,62473.834001536714,,,
